CodeReg;CodeDep;Libellé;idBank;Dernière mise à jour;Période;1901;1902;1903;1904;1905;1906;1907;1908;1909;1910;1911;1912;1913;1914;1915;1916;1917;1918;1919;1920;1921;1922;1923;1924;1925;1926;1927;1928;1929;1930;1931;1932;1933;1934;1935;1936;1937;1938;1939;1940;1941;1942;1943;1944;1945;1946;1947;1948;1949;1950;1951;1952;1953;1954;1955;1956;1957;1958;1959;1960;1961;1962;1963;1964;1965;1966;1967;1968;1969;1970;1971;1972;1973;1974;1975;1976;1977;1978;1979;1980;1981;1982;1983;1984;1985;1986;1987;1988;1989;1990;1991;1992;1993;1994;1995;1996;1997;1998;1999;2000;2001;2002;2003;2004;2005;2006;2007;2008;2009;2010;2011;2012;2013;2014;2015;2016;2017;2018;2019;2020
1;84;Âge moyen de la mère à l'accouchement - Ain;010607770;28/04/2021 15:56;;;;;;;;;;;;;;;;;;;;;;;;;;;;;;;;;;;;;;;;;;;;;;;;;;;;;;;;;;;;;;;;;;;;;;;;;;;;26.4;26.4;26.4;26.3;26.4;26.6;26.8;27.0;27.1;27.2;27.3;27.4;27.6;27.9;27.8;28.0;28.0;28.2;28.2;28.5;28.5;28.8;28.6;29.0;28.8;28.9;28.8;29.1;29.0;29.2;29.2;29.3;29.4;29.4;29.5;29.5;29.5;29.6;29.7;29.9;29.9;30.0;30.2;30.2;30.3;30.2
2;32;Âge moyen de la mère à l'accouchement - Aisne;010607771;28/04/2021 15:56;;;;;;;;;;;;;;;;;;;;;;;;;;;;;;;;;;;;;;;;;;;;;;;;;;;;;;;;;;;;;;;;;;;;;;;;;;;;26.3;25.9;26.0;26.0;26.0;26.1;26.3;26.2;26.2;26.3;26.6;26.7;27.0;27.0;27.3;27.5;27.3;27.6;27.6;27.6;27.7;27.8;27.9;27.9;27.9;28.1;28.1;28.1;28.0;28.2;28.2;28.4;28.3;28.5;28.4;28.5;28.7;28.7;28.8;28.7;28.9;29.0;29.1;28.8;29.1;29.1
3;84;Âge moyen de la mère à l'accouchement - Allier;010607772;28/04/2021 15:56;;;;;;;;;;;;;;;;;;;;;;;;;;;;;;;;;;;;;;;;;;;;;;;;;;;;;;;;;;;;;;;;;;;;;;;;;;;;26.3;25.8;26.0;26.1;26.3;26.3;26.5;26.3;26.5;26.6;26.8;26.8;27.2;27.3;27.5;27.6;27.7;27.9;27.9;28.1;28.4;28.3;28.5;28.7;28.8;28.8;28.7;28.5;28.8;28.9;28.8;29.0;28.9;28.8;29.1;28.9;29.1;29.0;29.2;29.1;29.4;29.2;29.5;29.2;29.5;29.6
4;93;Âge moyen de la mère à l'accouchement - Alpes-de-Haute-Provence;010607773;28/04/2021 15:56;;;;;;;;;;;;;;;;;;;;;;;;;;;;;;;;;;;;;;;;;;;;;;;;;;;;;;;;;;;;;;;;;;;;;;;;;;;;26.4;26.5;26.6;26.4;26.7;26.8;26.8;26.9;27.2;27.4;27.7;27.5;28.0;28.0;28.0;28.0;28.0;28.4;28.4;28.6;28.6;28.5;28.7;28.6;28.7;28.8;28.7;28.8;29.0;29.2;29.0;29.3;29.3;29.3;29.6;29.6;29.4;29.4;29.7;29.7;29.7;29.8;30.1;29.9;29.8;29.8
5;93;Âge moyen de la mère à l'accouchement - Hautes-Alpes;010607774;28/04/2021 15:56;;;;;;;;;;;;;;;;;;;;;;;;;;;;;;;;;;;;;;;;;;;;;;;;;;;;;;;;;;;;;;;;;;;;;;;;;;;;26.9;26.6;26.8;26.6;26.9;27.0;27.1;27.4;27.2;27.6;27.3;27.8;27.9;28.2;28.3;28.8;28.3;28.6;28.8;28.7;28.9;29.3;28.8;29.1;28.9;29.1;29.0;29.2;29.5;29.5;29.7;29.7;29.5;29.6;29.6;29.5;29.7;29.7;29.6;29.8;30.0;30.3;30.7;30.3;30.3;30.3
6;93;Âge moyen de la mère à l'accouchement - Alpes-Maritimes;010607775;28/04/2021 15:56;;;;;;;;;;;;;;;;;;;;;;;;;;;;;;;;;;;;;;;;;;;;;;;;;;;;;;;;;;;;;;;;;;;;;;;;;;;;27.0;27.0;26.9;27.1;27.2;27.3;27.3;27.4;27.5;27.6;28.0;28.2;28.3;28.5;28.3;28.5;28.7;28.7;29.0;29.0;29.2;29.4;29.6;29.7;29.6;29.7;29.6;29.8;30.0;30.1;29.9;29.9;30.0;30.2;30.1;30.3;30.5;30.5;30.7;30.7;30.8;31.0;31.0;31.0;31.1;31.1
7;84;Âge moyen de la mère à l'accouchement - Ardèche;010607776;28/04/2021 15:56;;;;;;;;;;;;;;;;;;;;;;;;;;;;;;;;;;;;;;;;;;;;;;;;;;;;;;;;;;;;;;;;;;;;;;;;;;;;27.2;27.0;26.5;27.0;27.0;27.0;27.1;27.2;27.1;27.0;27.5;27.6;27.8;28.0;28.2;28.2;28.2;28.3;28.4;28.7;28.8;28.7;28.7;29.1;28.8;28.9;28.8;29.2;28.9;29.0;29.2;29.2;29.4;29.2;29.2;29.2;29.3;29.3;29.5;29.7;29.6;30.0;29.9;30.1;29.8;29.7
8;44;Âge moyen de la mère à l'accouchement - Ardennes;010607777;28/04/2021 15:56;;;;;;;;;;;;;;;;;;;;;;;;;;;;;;;;;;;;;;;;;;;;;;;;;;;;;;;;;;;;;;;;;;;;;;;;;;;;26.4;26.1;26.1;26.0;26.1;26.2;26.3;26.3;26.2;26.4;26.5;26.9;26.6;26.9;27.1;27.0;27.2;27.3;27.3;27.3;27.4;27.8;27.5;27.6;28.0;27.8;28.0;27.9;27.9;28.0;28.0;28.3;28.3;28.4;28.3;28.4;28.5;28.6;28.8;28.6;28.7;28.7;28.9;29.1;28.8;28.8
9;76;Âge moyen de la mère à l'accouchement - Ariège;010607778;28/04/2021 15:56;;;;;;;;;;;;;;;;;;;;;;;;;;;;;;;;;;;;;;;;;;;;;;;;;;;;;;;;;;;;;;;;;;;;;;;;;;;;26.3;26.4;26.1;26.4;26.6;26.5;26.5;26.7;26.9;27.3;27.3;27.5;27.6;28.0;28.2;28.3;28.1;28.5;28.4;28.4;28.8;28.8;28.6;28.8;28.7;28.8;28.8;29.0;28.8;28.9;29.2;29.2;29.1;29.4;29.2;29.3;29.1;29.5;29.4;29.4;29.6;29.5;29.9;29.9;29.9;29.8
10;44;Âge moyen de la mère à l'accouchement - Aube;010607779;28/04/2021 15:56;;;;;;;;;;;;;;;;;;;;;;;;;;;;;;;;;;;;;;;;;;;;;;;;;;;;;;;;;;;;;;;;;;;;;;;;;;;;25.9;25.8;25.7;26.0;26.1;26.3;26.4;26.4;26.3;26.5;26.7;26.9;27.0;27.3;27.4;27.6;27.6;27.9;27.9;28.1;28.3;28.3;28.6;28.6;28.6;28.6;28.6;28.5;28.4;28.6;28.9;28.8;29.0;28.9;29.0;29.0;29.2;29.4;29.2;29.5;29.6;29.8;29.6;29.7;29.9;29.9
11;76;Âge moyen de la mère à l'accouchement - Aude;010607780;28/04/2021 15:56;;;;;;;;;;;;;;;;;;;;;;;;;;;;;;;;;;;;;;;;;;;;;;;;;;;;;;;;;;;;;;;;;;;;;;;;;;;;26.5;26.2;26.3;26.5;26.5;26.7;26.7;26.8;26.8;26.7;26.9;27.2;27.6;27.6;27.5;27.9;28.0;28.1;27.9;28.3;28.3;28.3;28.5;28.6;28.6;28.7;28.6;28.9;29.0;28.9;29.0;29.1;29.1;29.2;29.1;29.1;29.3;29.3;29.3;29.4;29.6;29.5;29.5;29.7;29.6;29.6
12;76;Âge moyen de la mère à l'accouchement - Aveyron;010607781;28/04/2021 15:56;;;;;;;;;;;;;;;;;;;;;;;;;;;;;;;;;;;;;;;;;;;;;;;;;;;;;;;;;;;;;;;;;;;;;;;;;;;;27.2;27.0;27.0;27.1;27.0;27.3;27.4;27.2;27.3;27.3;27.7;27.7;28.1;28.0;28.2;28.3;28.6;28.5;28.9;28.7;29.1;28.9;29.2;29.3;29.2;29.3;29.3;29.4;29.4;29.3;29.8;29.6;29.5;29.6;29.7;29.6;29.7;29.6;29.6;29.9;29.9;29.9;30.2;30.2;30.3;30.3
13;93;Âge moyen de la mère à l'accouchement - Bouches-du-Rhône;010607782;28/04/2021 15:56;;;;;;;;;;;;;;;;;;;;;;;;;;;;;;;;;;;;;;;;;;;;;;;;;;;;;;;;;;;;;;;;;;;;;;;;;;;;26.8;26.9;26.9;26.8;27.0;27.1;27.3;27.3;27.5;27.5;27.8;28.0;28.1;28.4;28.5;28.7;28.8;28.8;29.0;29.2;29.4;29.4;29.4;29.6;29.7;29.6;29.7;29.8;30.0;30.0;30.2;30.2;30.2;30.2;30.2;30.4;30.4;30.4;30.5;30.6;30.7;30.8;30.8;30.9;31.0;30.8
14;28;Âge moyen de la mère à l'accouchement - Calvados;010607783;28/04/2021 15:56;;;;;;;;;;;;;;;;;;;;;;;;;;;;;;;;;;;;;;;;;;;;;;;;;;;;;;;;;;;;;;;;;;;;;;;;;;;;26.5;26.4;26.3;26.3;26.6;26.6;26.8;26.8;26.9;27.0;27.2;27.5;27.8;27.8;27.9;28.0;28.2;28.3;28.4;28.6;28.8;29.0;29.0;29.1;29.2;29.1;29.2;29.4;29.4;29.3;29.5;29.5;29.7;29.6;29.8;29.8;29.9;30.1;29.9;30.0;30.2;30.3;30.3;30.7;30.5;30.6
15;84;Âge moyen de la mère à l'accouchement - Cantal;010607784;28/04/2021 15:56;;;;;;;;;;;;;;;;;;;;;;;;;;;;;;;;;;;;;;;;;;;;;;;;;;;;;;;;;;;;;;;;;;;;;;;;;;;;26.6;26.5;26.3;26.1;26.4;26.5;26.7;26.5;26.5;26.7;26.7;27.0;27.3;27.4;27.5;27.8;28.1;28.2;28.0;28.2;28.6;28.4;28.4;28.5;28.8;28.9;29.0;29.0;29.0;29.1;29.7;29.1;29.4;29.6;29.4;29.3;29.4;29.4;29.6;29.6;29.8;29.9;29.8;30.0;29.7;29.7
16;75;Âge moyen de la mère à l'accouchement - Charente;010607785;28/04/2021 15:56;;;;;;;;;;;;;;;;;;;;;;;;;;;;;;;;;;;;;;;;;;;;;;;;;;;;;;;;;;;;;;;;;;;;;;;;;;;;25.9;25.7;25.8;25.9;25.9;26.0;26.2;26.2;26.5;26.5;26.7;26.8;27.1;27.1;27.3;27.4;27.6;27.8;27.8;28.0;28.1;28.3;28.4;28.4;28.5;28.4;28.6;28.5;28.7;28.8;28.9;28.9;28.9;28.9;28.9;28.9;29.0;29.1;29.3;29.3;29.2;29.6;29.5;29.6;29.6;29.7
16;75;Âge moyen de la mère à l'accouchement - Charente-Maritime;010607786;28/04/2021 15:56;;;;;;;;;;;;;;;;;;;;;;;;;;;;;;;;;;;;;;;;;;;;;;;;;;;;;;;;;;;;;;;;;;;;;;;;;;;;25.5;25.7;25.5;25.7;25.7;26.1;26.2;26.2;26.3;26.5;26.8;26.8;27.1;27.2;27.3;27.6;27.7;27.8;28.0;28.1;28.3;28.3;28.5;28.7;28.7;28.7;28.9;28.9;29.1;28.9;29.1;29.0;29.2;29.3;29.2;29.3;29.4;29.5;29.5;29.8;29.7;30.0;29.8;30.0;30.1;30.0
18;24;Âge moyen de la mère à l'accouchement - Cher;010607787;28/04/2021 15:56;;;;;;;;;;;;;;;;;;;;;;;;;;;;;;;;;;;;;;;;;;;;;;;;;;;;;;;;;;;;;;;;;;;;;;;;;;;;26.2;25.9;26.1;26.2;26.3;26.4;26.4;26.6;26.6;26.8;26.9;27.0;27.2;27.5;27.6;27.8;27.9;28.0;28.0;28.2;28.3;28.4;28.5;28.5;28.7;28.8;28.6;28.9;28.9;28.9;28.9;29.1;29.0;29.1;29.2;29.0;29.3;29.1;29.4;29.4;29.4;29.4;29.6;29.4;29.6;29.6
19;75;Âge moyen de la mère à l'accouchement - Corrèze;010607788;28/04/2021 15:56;;;;;;;;;;;;;;;;;;;;;;;;;;;;;;;;;;;;;;;;;;;;;;;;;;;;;;;;;;;;;;;;;;;;;;;;;;;;26.0;26.0;26.0;26.2;26.3;26.4;26.7;26.4;26.8;26.6;27.1;27.3;27.5;27.5;27.7;27.9;28.1;28.1;28.1;28.4;28.3;28.5;28.6;28.8;28.6;28.9;28.5;28.9;29.1;28.9;29.3;29.3;29.1;29.2;29.1;29.5;29.5;29.5;29.7;29.5;29.7;29.9;29.8;30.0;30.0;29.8
21;27;Âge moyen de la mère à l'accouchement - Côte-d'Or;010607789;28/04/2021 15:56;;;;;;;;;;;;;;;;;;;;;;;;;;;;;;;;;;;;;;;;;;;;;;;;;;;;;;;;;;;;;;;;;;;;;;;;;;;;26.7;26.5;26.5;26.6;26.6;26.8;26.9;27.2;27.1;27.4;27.5;27.8;27.9;28.2;28.3;28.4;28.5;28.6;28.8;29.0;29.1;29.4;29.4;29.6;29.7;29.6;29.8;29.8;30.0;30.0;30.1;30.2;29.9;30.1;30.1;30.3;30.3;30.4;30.6;30.4;30.8;30.9;30.9;30.9;30.9;30.9
22;53;Âge moyen de la mère à l'accouchement - Côtes-d'Armor;010607790;28/04/2021 15:56;;;;;;;;;;;;;;;;;;;;;;;;;;;;;;;;;;;;;;;;;;;;;;;;;;;;;;;;;;;;;;;;;;;;;;;;;;;;26.6;26.4;26.2;26.3;26.6;26.6;26.7;26.8;26.8;26.9;27.0;27.3;27.4;27.8;27.8;27.9;28.0;28.1;28.3;28.5;28.7;28.7;29.0;29.1;29.0;29.1;29.0;29.1;29.2;29.4;29.4;29.4;29.6;29.5;29.5;29.5;29.5;29.5;29.6;29.7;29.8;29.8;29.9;29.7;29.8;29.8
23;75;Âge moyen de la mère à l'accouchement - Creuse;010607791;28/04/2021 15:56;;;;;;;;;;;;;;;;;;;;;;;;;;;;;;;;;;;;;;;;;;;;;;;;;;;;;;;;;;;;;;;;;;;;;;;;;;;;26.0;25.9;25.8;25.8;26.0;25.9;25.8;26.0;26.0;26.3;26.7;26.6;26.9;27.2;27.3;27.8;27.6;27.7;28.0;27.9;28.4;28.2;28.4;28.6;28.8;28.6;28.5;28.3;28.9;29.0;28.8;28.8;28.9;28.9;28.8;29.0;29.1;29.2;29.2;29.4;29.4;29.6;29.4;28.8;29.3;29.2
24;75;Âge moyen de la mère à l'accouchement - Dordogne;010607792;28/04/2021 15:56;;;;;;;;;;;;;;;;;;;;;;;;;;;;;;;;;;;;;;;;;;;;;;;;;;;;;;;;;;;;;;;;;;;;;;;;;;;;25.8;25.9;26.0;26.0;26.2;26.2;26.5;26.4;26.6;26.5;26.7;27.0;27.0;27.4;27.4;27.6;27.8;27.8;28.0;28.1;28.3;28.2;28.5;28.5;28.6;28.5;28.6;28.7;28.8;28.7;28.8;28.9;29.1;29.0;29.0;29.1;29.0;29.0;29.2;29.2;29.5;29.6;29.6;29.8;29.6;29.8
25;27;Âge moyen de la mère à l'accouchement - Doubs;010607793;28/04/2021 15:56;;;;;;;;;;;;;;;;;;;;;;;;;;;;;;;;;;;;;;;;;;;;;;;;;;;;;;;;;;;;;;;;;;;;;;;;;;;;26.9;26.8;26.7;26.6;26.8;26.8;27.1;27.3;27.4;27.4;27.6;27.8;27.8;27.9;28.0;28.2;28.1;28.3;28.6;28.8;28.8;29.0;29.0;29.3;29.1;29.3;29.2;29.3;29.3;29.4;29.4;29.6;29.6;29.6;29.6;29.9;29.8;29.9;29.9;29.9;30.1;30.1;30.4;30.3;30.4;30.5
26;84;Âge moyen de la mère à l'accouchement - Drôme;010607794;28/04/2021 15:56;;;;;;;;;;;;;;;;;;;;;;;;;;;;;;;;;;;;;;;;;;;;;;;;;;;;;;;;;;;;;;;;;;;;;;;;;;;;26.7;26.7;26.6;26.7;26.7;26.9;27.0;27.1;27.1;27.1;27.3;27.4;27.7;27.9;28.1;28.0;28.1;28.2;28.4;28.6;28.6;28.7;28.7;28.8;28.8;28.9;28.9;28.9;29.0;29.2;29.2;29.4;29.4;29.5;29.4;29.4;29.4;29.6;29.6;29.8;29.9;30.0;30.1;30.1;30.1;30.1
27;28;Âge moyen de la mère à l'accouchement - Eure;010607795;28/04/2021 15:56;;;;;;;;;;;;;;;;;;;;;;;;;;;;;;;;;;;;;;;;;;;;;;;;;;;;;;;;;;;;;;;;;;;;;;;;;;;;26.2;25.9;26.0;26.2;26.1;26.3;26.5;26.7;26.7;26.7;27.0;27.0;27.4;27.5;27.6;27.6;27.7;27.8;28.0;28.0;28.1;28.4;28.4;28.4;28.6;28.6;28.5;28.6;28.8;28.8;28.8;28.9;29.0;28.9;28.8;29.0;29.1;29.0;29.2;29.4;29.4;29.4;29.6;29.7;29.5;29.5
27;28;Âge moyen de la mère à l'accouchement - Eure-et-Loir;010607796;28/04/2021 15:56;;;;;;;;;;;;;;;;;;;;;;;;;;;;;;;;;;;;;;;;;;;;;;;;;;;;;;;;;;;;;;;;;;;;;;;;;;;;26.3;26.2;26.1;26.2;26.2;26.4;26.6;26.7;26.8;26.8;27.0;27.2;27.5;27.6;27.7;28.0;27.9;28.0;28.2;28.2;28.4;28.6;28.6;28.6;28.8;28.9;28.7;29.0;29.0;29.1;29.0;29.2;29.2;29.3;29.4;29.4;29.4;29.5;29.7;29.7;29.8;30.1;30.0;30.0;30.1;30.1
29;53;Âge moyen de la mère à l'accouchement - Finistère;010607797;28/04/2021 15:56;;;;;;;;;;;;;;;;;;;;;;;;;;;;;;;;;;;;;;;;;;;;;;;;;;;;;;;;;;;;;;;;;;;;;;;;;;;;26.8;26.7;26.6;26.5;26.7;26.8;27.0;27.0;27.1;27.2;27.2;27.6;27.8;28.0;28.2;28.2;28.4;28.7;28.6;28.9;29.2;29.2;29.1;29.3;29.3;29.4;29.5;29.5;29.6;29.7;29.9;29.8;29.9;30.0;29.9;30.0;30.0;30.2;30.2;30.2;30.3;30.4;30.5;30.6;30.8;30.8
2A;94;Âge moyen de la mère à l'accouchement - Corse-du-Sud;010607798;28/04/2021 15:56;;;;;;;;;;;;;;;;;;;;;;;;;;;;;;;;;;;;;;;;;;;;;;;;;;;;;;;;;;;;;;;;;;;;;;;;;;;;26.8;26.6;26.6;26.4;26.6;26.7;26.8;26.9;26.6;26.9;27.0;26.9;27.6;27.7;28.1;28.0;28.2;28.3;28.3;28.4;28.4;28.7;28.9;28.8;29.1;29.0;29.3;29.1;29.4;29.4;29.7;29.5;30.1;29.9;30.1;29.9;29.9;30.3;29.9;30.3;30.4;30.4;30.6;30.3;30.6;30.5
2B;94;Âge moyen de la mère à l'accouchement - Haute-Corse;010607799;28/04/2021 15:56;;;;;;;;;;;;;;;;;;;;;;;;;;;;;;;;;;;;;;;;;;;;;;;;;;;;;;;;;;;;;;;;;;;;;;;;;;;;26.6;26.4;26.7;26.6;26.5;26.6;27.0;26.9;27.0;27.4;27.1;27.8;27.8;28.2;27.7;28.3;28.3;28.5;28.6;28.6;29.2;29.0;28.9;29.3;29.5;29.5;29.3;29.7;29.6;29.6;29.7;29.8;30.1;29.9;30.0;29.9;29.9;30.1;30.1;30.5;30.6;30.4;30.6;30.7;30.8;31.0
30;76;Âge moyen de la mère à l'accouchement - Gard;010607800;28/04/2021 15:56;;;;;;;;;;;;;;;;;;;;;;;;;;;;;;;;;;;;;;;;;;;;;;;;;;;;;;;;;;;;;;;;;;;;;;;;;;;;26.5;26.5;26.3;26.5;26.6;26.7;26.9;26.9;26.9;27.2;27.3;27.5;27.5;27.8;27.9;28.0;28.1;28.1;28.4;28.5;28.5;28.7;28.7;28.8;28.9;28.9;28.9;29.0;29.3;29.2;29.3;29.4;29.3;29.4;29.6;29.5;29.7;29.8;29.8;29.9;30.0;30.2;30.1;30.3;30.3;30.3
31;76;Âge moyen de la mère à l'accouchement - Haute-Garonne;010607801;28/04/2021 15:56;;;;;;;;;;;;;;;;;;;;;;;;;;;;;;;;;;;;;;;;;;;;;;;;;;;;;;;;;;;;;;;;;;;;;;;;;;;;27.2;27.0;27.1;27.0;27.4;27.3;27.7;27.7;27.9;28.2;28.2;28.6;28.8;29.0;29.0;29.2;29.4;29.4;29.7;29.9;30.0;30.1;30.2;30.4;30.4;30.6;30.4;30.5;30.6;30.7;30.7;30.8;30.9;30.9;30.9;31.0;31.1;31.0;31.1;31.2;31.4;31.5;31.6;31.7;31.7;31.6
32;76;Âge moyen de la mère à l'accouchement - Gers;010607802;28/04/2021 15:56;;;;;;;;;;;;;;;;;;;;;;;;;;;;;;;;;;;;;;;;;;;;;;;;;;;;;;;;;;;;;;;;;;;;;;;;;;;;26.5;26.5;26.7;26.7;26.7;26.8;27.1;27.4;27.2;27.4;27.7;27.7;27.6;28.1;28.3;28.5;28.4;28.8;28.7;28.6;29.1;29.0;29.1;29.3;29.3;29.2;29.3;29.3;29.2;29.2;29.7;29.4;29.7;29.7;29.8;29.9;29.7;29.7;29.9;29.9;30.0;30.2;30.1;30.2;30.1;30.1
33;75;Âge moyen de la mère à l'accouchement - Gironde;010607803;28/04/2021 15:56;;;;;;;;;;;;;;;;;;;;;;;;;;;;;;;;;;;;;;;;;;;;;;;;;;;;;;;;;;;;;;;;;;;;;;;;;;;;26.5;26.5;26.4;26.5;26.6;26.7;27.0;27.1;27.2;27.4;27.7;27.7;28.0;28.1;28.3;28.6;28.6;28.8;29.0;29.0;29.1;29.4;29.5;29.6;29.7;29.6;29.7;29.7;29.9;29.9;29.9;30.2;30.2;30.2;30.3;30.3;30.4;30.5;30.6;30.8;30.9;31.0;31.0;31.1;31.3;31.2
34;76;Âge moyen de la mère à l'accouchement - Hérault;010607804;28/04/2021 15:56;;;;;;;;;;;;;;;;;;;;;;;;;;;;;;;;;;;;;;;;;;;;;;;;;;;;;;;;;;;;;;;;;;;;;;;;;;;;27.1;27.2;27.0;27.0;27.0;27.3;27.3;27.5;27.5;27.6;27.8;28.0;28.5;28.3;28.7;28.7;28.9;29.1;29.3;29.3;29.4;29.6;29.7;29.8;29.8;29.8;29.9;30.1;30.1;30.1;30.1;30.1;30.2;30.3;30.4;30.3;30.5;30.5;30.7;30.7;30.7;30.8;31.0;31.0;31.2;31.0
1;84;Âge moyen de la mère à l'accouchement - Ille-et-Vilaine;010607805;28/04/2021 15:56;;;;;;;;;;;;;;;;;;;;;;;;;;;;;;;;;;;;;;;;;;;;;;;;;;;;;;;;;;;;;;;;;;;;;;;;;;;;27.1;26.9;26.9;26.9;27.0;27.1;27.3;27.2;27.3;27.5;27.7;27.7;28.1;28.3;28.5;28.7;28.7;29.1;29.1;29.2;29.6;29.6;29.7;29.8;29.9;30.0;29.9;30.1;30.2;30.2;30.2;30.3;30.3;30.4;30.3;30.5;30.4;30.4;30.7;30.7;30.8;30.8;30.7;31.0;31.0;31.0
36;24;Âge moyen de la mère à l'accouchement - Indre;010607806;28/04/2021 15:56;;;;;;;;;;;;;;;;;;;;;;;;;;;;;;;;;;;;;;;;;;;;;;;;;;;;;;;;;;;;;;;;;;;;;;;;;;;;26.0;25.9;25.7;26.1;26.1;26.1;26.2;26.3;26.3;26.6;26.8;27.0;27.2;27.3;27.6;27.9;27.6;27.8;28.0;28.1;28.3;28.4;28.4;28.5;28.4;28.7;28.6;28.5;28.8;28.9;28.8;28.9;29.1;28.9;28.9;28.8;28.8;28.9;29.2;29.0;29.1;29.2;29.3;29.4;29.6;29.6
36;24;Âge moyen de la mère à l'accouchement - Indre-et-Loire;010607807;28/04/2021 15:56;;;;;;;;;;;;;;;;;;;;;;;;;;;;;;;;;;;;;;;;;;;;;;;;;;;;;;;;;;;;;;;;;;;;;;;;;;;;26.5;26.5;26.4;26.3;26.6;26.8;27.0;26.9;27.2;27.2;27.5;27.7;27.9;28.1;28.3;28.4;28.6;28.7;28.9;29.2;29.1;29.4;29.4;29.5;29.6;29.6;29.7;29.7;29.7;30.0;29.8;30.0;29.9;30.0;30.0;30.1;30.2;30.1;30.3;30.5;30.7;30.6;30.7;30.8;30.7;30.7
38;84;Âge moyen de la mère à l'accouchement - Isère;010607808;28/04/2021 15:56;;;;;;;;;;;;;;;;;;;;;;;;;;;;;;;;;;;;;;;;;;;;;;;;;;;;;;;;;;;;;;;;;;;;;;;;;;;;27.1;27.2;27.0;27.1;27.2;27.3;27.6;27.6;27.7;27.7;27.9;28.1;28.3;28.5;28.5;28.7;28.7;28.9;29.0;29.2;29.3;29.5;29.7;29.6;29.7;29.8;29.8;29.8;29.8;29.9;30.1;30.1;30.1;30.1;30.1;30.1;30.2;30.3;30.3;30.4;30.5;30.6;30.7;30.8;30.7;30.7
39;27;Âge moyen de la mère à l'accouchement - Jura;010607809;28/04/2021 15:56;;;;;;;;;;;;;;;;;;;;;;;;;;;;;;;;;;;;;;;;;;;;;;;;;;;;;;;;;;;;;;;;;;;;;;;;;;;;26.6;26.4;26.4;26.5;26.5;26.6;26.7;27.0;27.1;27.1;27.3;27.3;27.4;27.6;27.7;27.7;27.7;27.7;27.8;28.2;28.1;28.4;28.4;28.4;28.5;28.6;28.6;28.8;28.7;28.7;29.1;29.0;29.0;29.0;29.1;29.2;29.6;29.4;29.5;29.5;29.7;29.7;29.4;29.6;29.8;29.7
40;75;Âge moyen de la mère à l'accouchement - Landes;010607810;28/04/2021 15:56;;;;;;;;;;;;;;;;;;;;;;;;;;;;;;;;;;;;;;;;;;;;;;;;;;;;;;;;;;;;;;;;;;;;;;;;;;;;26.6;26.1;26.5;26.4;26.5;26.8;26.9;26.9;26.8;27.0;27.2;27.2;27.6;27.7;27.7;28.0;28.2;28.1;28.3;28.3;28.5;28.9;28.8;29.2;28.9;29.2;29.1;29.1;29.0;29.3;29.3;29.2;29.5;29.3;29.5;29.4;29.5;29.6;29.7;29.8;29.9;30.1;30.0;30.1;30.1;30.2
18;24;Âge moyen de la mère à l'accouchement - Loir-et-Cher;010607811;28/04/2021 15:56;;;;;;;;;;;;;;;;;;;;;;;;;;;;;;;;;;;;;;;;;;;;;;;;;;;;;;;;;;;;;;;;;;;;;;;;;;;;26.0;26.0;26.1;26.2;26.0;26.2;26.5;26.4;26.6;26.7;26.7;27.0;27.2;27.6;27.7;27.6;27.6;27.9;27.8;28.1;28.4;28.5;28.7;28.7;28.7;28.8;28.8;29.0;28.8;28.8;29.0;29.1;29.1;29.1;29.0;29.1;29.4;29.1;29.2;29.2;29.4;29.5;29.4;29.5;29.5;29.5
42;84;Âge moyen de la mère à l'accouchement - Loire;010607812;28/04/2021 15:56;;;;;;;;;;;;;;;;;;;;;;;;;;;;;;;;;;;;;;;;;;;;;;;;;;;;;;;;;;;;;;;;;;;;;;;;;;;;27.2;27.0;27.0;26.9;27.0;27.1;27.2;27.4;27.5;27.5;27.6;27.9;27.9;28.1;28.2;28.3;28.3;28.4;28.5;28.6;29.0;29.0;29.1;29.1;29.1;29.2;29.3;29.4;29.4;29.5;29.4;29.7;29.6;29.5;29.9;29.8;29.7;29.8;29.9;30.1;30.0;30.1;30.0;30.3;30.4;30.4
42;84;Âge moyen de la mère à l'accouchement - Haute-Loire;010607813;28/04/2021 15:56;;;;;;;;;;;;;;;;;;;;;;;;;;;;;;;;;;;;;;;;;;;;;;;;;;;;;;;;;;;;;;;;;;;;;;;;;;;;27.2;27.1;27.1;26.9;27.0;27.2;27.2;26.9;27.1;27.1;27.4;27.5;27.9;27.7;27.9;28.0;28.0;28.2;28.2;28.3;28.3;28.7;29.0;28.7;29.0;28.9;28.9;29.1;29.2;29.1;29.3;29.2;29.3;29.4;29.6;29.4;29.6;29.5;29.6;29.4;29.6;29.7;29.7;29.9;30.2;30.1
42;84;Âge moyen de la mère à l'accouchement - Loire-Atlantique;010607814;28/04/2021 15:56;;;;;;;;;;;;;;;;;;;;;;;;;;;;;;;;;;;;;;;;;;;;;;;;;;;;;;;;;;;;;;;;;;;;;;;;;;;;26.7;26.6;26.5;26.6;26.7;26.9;26.9;27.1;26.9;27.1;27.4;27.5;27.8;28.0;28.1;28.3;28.4;28.6;28.7;28.9;29.0;29.3;29.2;29.5;29.4;29.7;29.6;29.8;29.9;29.9;29.9;30.0;30.1;30.1;30.1;30.1;30.2;30.3;30.3;30.5;30.7;30.8;30.9;30.8;31.0;31.0
42;84;Âge moyen de la mère à l'accouchement - Loiret;010607815;28/04/2021 15:56;;;;;;;;;;;;;;;;;;;;;;;;;;;;;;;;;;;;;;;;;;;;;;;;;;;;;;;;;;;;;;;;;;;;;;;;;;;;26.4;26.2;26.2;26.3;26.4;26.6;26.7;26.8;26.9;27.1;27.3;27.5;27.5;27.9;28.1;28.2;28.3;28.4;28.4;28.7;29.1;28.9;29.2;29.3;29.2;29.1;29.2;29.3;29.1;29.4;29.4;29.4;29.4;29.5;29.6;29.6;29.6;29.8;29.9;29.9;30.0;30.1;30.2;30.4;30.2;30.2
46;76;Âge moyen de la mère à l'accouchement - Lot;010607816;28/04/2021 15:56;;;;;;;;;;;;;;;;;;;;;;;;;;;;;;;;;;;;;;;;;;;;;;;;;;;;;;;;;;;;;;;;;;;;;;;;;;;;26.5;26.2;26.5;26.4;26.6;26.8;27.1;27.0;27.0;27.0;27.2;27.4;27.5;28.0;28.0;28.0;28.4;28.4;28.3;28.5;28.2;28.6;28.6;28.9;28.7;29.2;28.8;28.9;29.1;29.2;29.3;29.0;29.5;29.3;29.4;29.3;29.4;29.2;29.3;29.5;29.9;30.0;30.0;30.0;30.0;29.9
46;76;Âge moyen de la mère à l'accouchement - Lot-et-Garonne;010607817;28/04/2021 15:56;;;;;;;;;;;;;;;;;;;;;;;;;;;;;;;;;;;;;;;;;;;;;;;;;;;;;;;;;;;;;;;;;;;;;;;;;;;;26.3;26.0;26.3;26.3;26.5;26.5;26.8;26.7;26.6;26.7;26.9;27.1;27.3;27.6;27.6;27.8;28.1;28.1;28.1;28.5;28.6;28.8;28.7;28.9;28.7;29.0;28.7;28.9;28.9;28.9;29.0;29.2;29.2;29.1;29.2;29.2;29.3;29.3;29.6;29.6;29.5;29.7;29.7;29.9;30.0;30.1
48;76;Âge moyen de la mère à l'accouchement - Lozère;010607818;28/04/2021 15:56;;;;;;;;;;;;;;;;;;;;;;;;;;;;;;;;;;;;;;;;;;;;;;;;;;;;;;;;;;;;;;;;;;;;;;;;;;;;27.9;27.0;26.8;27.2;27.3;26.9;27.3;27.3;27.5;27.8;27.3;27.3;27.9;27.9;28.2;28.0;28.2;28.5;28.7;28.9;28.7;28.8;29.1;28.9;29.0;29.4;29.3;29.5;29.5;29.6;29.6;29.3;29.5;29.8;29.3;29.5;29.9;30.0;30.2;30.3;30.1;30.3;30.2;30.2;30.4;30.3
1;84;Âge moyen de la mère à l'accouchement - Maine-et-Loire;010607819;28/04/2021 15:56;;;;;;;;;;;;;;;;;;;;;;;;;;;;;;;;;;;;;;;;;;;;;;;;;;;;;;;;;;;;;;;;;;;;;;;;;;;;26.9;26.7;26.6;26.7;26.8;26.8;26.9;27.0;27.0;27.1;27.3;27.5;27.8;27.9;28.1;28.1;28.3;28.4;28.5;28.8;28.8;29.0;29.1;29.2;29.4;29.4;29.4;29.4;29.5;29.5;29.6;29.6;29.7;29.7;29.8;29.7;29.8;29.7;29.9;30.1;30.0;30.1;30.2;30.3;30.3;30.3
50;28;Âge moyen de la mère à l'accouchement - Manche;010607820;28/04/2021 15:56;;;;;;;;;;;;;;;;;;;;;;;;;;;;;;;;;;;;;;;;;;;;;;;;;;;;;;;;;;;;;;;;;;;;;;;;;;;;26.6;26.5;26.3;26.2;26.4;26.5;26.6;26.6;26.5;26.7;26.8;26.9;27.1;27.3;27.3;27.4;27.5;27.6;27.7;27.8;28.0;28.3;28.2;28.3;28.4;28.4;28.4;28.6;28.6;28.7;28.8;28.9;28.9;29.1;29.0;28.9;29.2;29.2;29.1;29.5;29.4;29.6;29.7;29.6;29.7;29.7
51;44;Âge moyen de la mère à l'accouchement - Marne;010607821;28/04/2021 15:56;;;;;;;;;;;;;;;;;;;;;;;;;;;;;;;;;;;;;;;;;;;;;;;;;;;;;;;;;;;;;;;;;;;;;;;;;;;;26.3;26.0;25.9;26.0;26.1;26.3;26.5;26.4;26.5;26.7;27.0;27.2;27.4;27.6;27.8;27.9;28.1;28.1;28.4;28.6;28.7;29.0;28.9;29.0;29.1;29.0;29.1;29.0;29.3;29.3;29.4;29.4;29.6;29.4;29.5;29.7;29.7;29.6;29.8;30.0;30.0;30.2;30.2;30.2;30.4;30.3
51;44;Âge moyen de la mère à l'accouchement - Haute-Marne;010607822;28/04/2021 15:56;;;;;;;;;;;;;;;;;;;;;;;;;;;;;;;;;;;;;;;;;;;;;;;;;;;;;;;;;;;;;;;;;;;;;;;;;;;;26.4;26.1;26.0;26.0;26.3;26.3;26.5;26.5;26.3;26.5;26.9;26.7;27.1;26.9;27.2;27.3;27.2;27.4;27.3;27.8;27.8;27.8;27.8;27.9;28.1;28.2;28.0;27.9;28.3;28.1;28.2;28.3;28.7;28.5;28.5;28.5;28.6;28.5;28.7;28.5;28.8;29.0;29.2;29.3;29.1;29.2
53;52;Âge moyen de la mère à l'accouchement - Mayenne;010607823;28/04/2021 15:56;;;;;;;;;;;;;;;;;;;;;;;;;;;;;;;;;;;;;;;;;;;;;;;;;;;;;;;;;;;;;;;;;;;;;;;;;;;;26.5;26.5;26.2;26.2;26.5;26.4;26.7;26.5;26.6;26.7;26.9;27.2;27.2;27.4;27.6;27.8;27.8;28.1;28.0;28.4;28.5;28.6;28.8;28.7;28.8;28.8;28.9;29.0;28.9;29.0;29.1;29.0;29.3;29.2;29.2;29.2;29.4;29.3;29.4;29.5;29.4;29.6;29.7;29.6;29.6;29.6
54;44;Âge moyen de la mère à l'accouchement - Meurthe-et-Moselle;010607824;28/04/2021 15:56;;;;;;;;;;;;;;;;;;;;;;;;;;;;;;;;;;;;;;;;;;;;;;;;;;;;;;;;;;;;;;;;;;;;;;;;;;;;26.9;26.5;26.6;26.5;26.6;26.7;26.9;27.2;27.1;27.2;27.5;27.5;27.8;27.9;28.0;28.1;28.3;28.4;28.5;28.7;28.8;28.9;29.1;29.2;29.2;29.2;29.2;29.4;29.5;29.5;29.7;29.6;29.8;29.9;29.8;29.9;29.9;30.0;30.0;30.2;30.2;30.2;30.5;30.7;30.5;30.7
55;44;Âge moyen de la mère à l'accouchement - Meuse;010607825;28/04/2021 15:56;;;;;;;;;;;;;;;;;;;;;;;;;;;;;;;;;;;;;;;;;;;;;;;;;;;;;;;;;;;;;;;;;;;;;;;;;;;;26.6;25.9;26.0;25.9;26.4;26.0;26.4;26.4;26.2;26.4;26.5;26.6;26.8;27.1;27.1;27.3;27.3;27.5;27.6;27.5;27.9;27.8;28.1;28.0;28.2;28.3;28.2;28.4;28.3;28.3;28.5;28.5;28.6;28.7;28.9;28.8;28.8;28.8;29.0;28.9;28.8;28.9;28.8;29.1;29.1;29.0
56;53;Âge moyen de la mère à l'accouchement - Morbihan;010607826;28/04/2021 15:56;;;;;;;;;;;;;;;;;;;;;;;;;;;;;;;;;;;;;;;;;;;;;;;;;;;;;;;;;;;;;;;;;;;;;;;;;;;;26.7;26.6;26.5;26.6;26.7;26.7;26.8;26.8;26.9;26.9;27.2;27.4;27.6;27.7;27.9;27.9;28.1;28.4;28.4;28.6;28.7;28.8;28.9;29.0;29.1;29.3;29.4;29.4;29.4;29.5;29.6;29.7;29.6;29.7;29.6;29.6;29.9;29.8;29.8;30.0;30.1;30.1;30.3;30.3;30.3;30.3
57;44;Âge moyen de la mère à l'accouchement - Moselle;010607827;28/04/2021 15:56;;;;;;;;;;;;;;;;;;;;;;;;;;;;;;;;;;;;;;;;;;;;;;;;;;;;;;;;;;;;;;;;;;;;;;;;;;;;26.7;26.6;26.3;26.4;26.6;26.7;26.8;26.8;26.9;27.0;27.0;27.2;27.4;27.6;27.7;27.7;27.7;27.8;27.9;28.2;28.1;28.5;28.5;28.7;28.6;28.7;28.8;28.8;28.9;29.0;29.1;29.2;29.4;29.3;29.3;29.4;29.6;29.6;29.7;29.8;29.8;29.9;30.1;30.1;30.1;30.2
58;27;Âge moyen de la mère à l'accouchement - Nièvre;010607828;28/04/2021 15:56;;;;;;;;;;;;;;;;;;;;;;;;;;;;;;;;;;;;;;;;;;;;;;;;;;;;;;;;;;;;;;;;;;;;;;;;;;;;26.1;26.1;26.1;26.0;26.3;26.3;26.2;26.4;26.3;26.5;26.5;26.8;27.1;27.2;27.3;27.5;27.6;27.5;27.8;28.1;28.2;28.2;28.0;28.6;28.5;28.3;28.3;28.7;28.8;28.6;28.8;28.9;28.9;28.8;29.0;28.9;29.0;28.8;29.0;29.3;29.3;29.2;29.5;29.3;29.6;29.7
59;32;Âge moyen de la mère à l'accouchement - Nord;010607829;28/04/2021 15:56;;;;;;;;;;;;;;;;;;;;;;;;;;;;;;;;;;;;;;;;;;;;;;;;;;;;;;;;;;;;;;;;;;;;;;;;;;;;26.7;26.5;26.4;26.4;26.5;26.5;26.7;26.8;26.8;26.9;27.2;27.3;27.5;27.7;27.8;27.9;28.0;28.1;28.3;28.3;28.4;28.5;28.6;28.7;28.7;28.7;28.8;28.9;29.0;29.1;29.2;29.1;29.3;29.3;29.4;29.4;29.5;29.5;29.7;29.8;30.0;30.0;30.1;30.3;30.2;30.2
60;32;Âge moyen de la mère à l'accouchement - Oise;010607830;28/04/2021 15:56;;;;;;;;;;;;;;;;;;;;;;;;;;;;;;;;;;;;;;;;;;;;;;;;;;;;;;;;;;;;;;;;;;;;;;;;;;;;26.3;26.1;26.0;26.1;26.2;26.4;26.6;26.8;26.6;27.0;27.0;27.2;27.4;27.5;27.7;27.9;28.0;28.0;28.2;28.3;28.4;28.4;28.6;28.7;28.7;28.8;28.8;28.8;28.9;28.9;29.0;29.2;29.2;29.3;29.2;29.4;29.5;29.4;29.6;29.8;29.9;29.9;30.2;30.2;30.2;30.1
61;28;Âge moyen de la mère à l'accouchement - Orne;010607831;28/04/2021 15:56;;;;;;;;;;;;;;;;;;;;;;;;;;;;;;;;;;;;;;;;;;;;;;;;;;;;;;;;;;;;;;;;;;;;;;;;;;;;26.6;26.6;26.3;26.3;26.3;26.5;26.7;26.6;26.8;26.7;26.9;27.3;27.2;27.4;27.6;27.6;27.6;27.7;27.9;27.8;28.2;28.2;28.4;28.6;28.5;28.5;28.5;28.7;28.6;28.7;28.9;28.8;29.1;28.8;29.0;29.0;29.1;28.8;29.2;29.3;29.1;29.3;29.4;29.5;29.4;29.4
62;32;Âge moyen de la mère à l'accouchement - Pas-de-Calais;010607832;28/04/2021 15:56;;;;;;;;;;;;;;;;;;;;;;;;;;;;;;;;;;;;;;;;;;;;;;;;;;;;;;;;;;;;;;;;;;;;;;;;;;;;26.4;26.2;26.2;26.1;26.1;26.2;26.2;26.2;26.2;26.3;26.6;26.7;26.8;26.9;27.0;27.2;27.2;27.3;27.3;27.4;27.5;27.6;27.7;27.8;28.0;27.9;28.1;28.1;28.2;28.3;28.4;28.4;28.6;28.5;28.5;28.5;28.5;28.5;28.6;28.8;28.8;28.9;29.1;29.1;29.1;29.1
63;84;Âge moyen de la mère à l'accouchement - Puy-de-Dôme;010607833;28/04/2021 15:56;;;;;;;;;;;;;;;;;;;;;;;;;;;;;;;;;;;;;;;;;;;;;;;;;;;;;;;;;;;;;;;;;;;;;;;;;;;;26.6;26.6;26.4;26.5;26.7;26.6;26.8;26.8;27.0;27.2;27.4;27.4;27.7;27.9;27.9;28.2;28.3;28.5;28.7;29.0;28.9;29.1;29.1;29.4;29.3;29.5;29.6;29.6;29.6;29.8;29.8;29.8;29.9;29.9;30.1;30.0;30.1;30.3;30.3;30.4;30.4;30.5;30.5;30.6;30.7;30.7
64;75;Âge moyen de la mère à l'accouchement - Pyrénées-Atlantiques;010607834;28/04/2021 15:56;;;;;;;;;;;;;;;;;;;;;;;;;;;;;;;;;;;;;;;;;;;;;;;;;;;;;;;;;;;;;;;;;;;;;;;;;;;;27.2;27.0;27.1;27.0;27.2;27.3;27.4;27.6;27.6;27.7;28.0;28.1;28.3;28.4;28.5;28.7;28.7;28.8;29.1;29.1;29.3;29.6;29.5;29.7;29.8;29.8;29.8;29.8;30.0;30.0;30.2;30.2;30.2;30.2;30.4;30.5;30.4;30.6;30.6;30.7;30.9;30.8;31.0;31.0;31.2;31.1
65;76;Âge moyen de la mère à l'accouchement - Hautes-Pyrénées;010607835;28/04/2021 15:56;;;;;;;;;;;;;;;;;;;;;;;;;;;;;;;;;;;;;;;;;;;;;;;;;;;;;;;;;;;;;;;;;;;;;;;;;;;;26.8;26.5;26.7;26.7;26.9;26.7;27.0;27.0;27.0;27.3;27.4;27.5;27.8;28.0;28.0;28.4;28.2;28.5;28.5;28.5;28.7;28.8;29.1;29.1;29.0;29.1;29.3;29.0;29.4;29.0;29.2;29.6;29.3;29.6;29.4;29.7;29.6;29.6;29.6;29.8;30.0;29.9;30.3;29.9;29.9;30.0
66;76;Âge moyen de la mère à l'accouchement - Pyrénées-Orientales;010607836;28/04/2021 15:56;;;;;;;;;;;;;;;;;;;;;;;;;;;;;;;;;;;;;;;;;;;;;;;;;;;;;;;;;;;;;;;;;;;;;;;;;;;;26.5;26.6;26.4;26.4;26.4;26.8;26.7;26.7;26.6;27.0;27.2;27.2;27.6;28.0;28.0;27.9;27.9;28.0;28.3;28.1;28.3;28.6;28.4;28.7;28.8;28.8;28.9;28.8;29.1;29.0;29.0;29.1;29.1;29.1;29.1;29.2;29.3;29.2;29.5;29.4;29.5;29.6;29.6;29.8;29.9;29.9
67;44;Âge moyen de la mère à l'accouchement - Bas-Rhin;010607837;28/04/2021 15:56;;;;;;;;;;;;;;;;;;;;;;;;;;;;;;;;;;;;;;;;;;;;;;;;;;;;;;;;;;;;;;;;;;;;;;;;;;;;26.8;26.6;26.7;26.6;26.8;26.7;27.0;27.2;27.3;27.4;27.6;27.8;28.0;28.0;28.2;28.3;28.2;28.4;28.5;28.6;28.9;28.9;28.9;29.2;29.1;29.3;29.2;29.2;29.5;29.3;29.5;29.7;29.7;29.9;30.0;30.0;30.2;30.2;30.2;30.5;30.5;30.7;30.8;30.8;31.1;30.9
68;44;Âge moyen de la mère à l'accouchement - Haut-Rhin;010607838;28/04/2021 15:56;;;;;;;;;;;;;;;;;;;;;;;;;;;;;;;;;;;;;;;;;;;;;;;;;;;;;;;;;;;;;;;;;;;;;;;;;;;;26.6;26.5;26.5;26.6;26.7;26.7;27.0;27.1;27.2;27.1;27.3;27.5;27.6;27.8;27.9;27.9;27.8;27.9;28.1;28.2;28.4;28.6;28.6;28.8;28.6;28.7;28.7;28.7;28.8;28.8;28.9;29.1;29.2;29.4;29.3;29.5;29.4;29.5;29.5;29.8;30.0;30.0;30.1;30.1;30.4;30.3
69;84;Âge moyen de la mère à l'accouchement - Rhône;010607839;28/04/2021 15:56;;;;;;;;;;;;;;;;;;;;;;;;;;;;;;;;;;;;;;;;;;;;;;;;;;;;;;;;;;;;;;;;;;;;;;;;;;;;27.3;27.2;27.1;27.2;27.2;27.4;27.6;27.8;27.8;27.9;28.2;28.5;28.6;28.8;29.0;29.1;29.2;29.3;29.5;29.7;29.9;29.9;30.1;30.1;30.1;30.2;30.3;30.2;30.4;30.4;30.5;30.7;30.6;30.8;30.8;30.9;31.1;31.1;31.2;31.3;31.4;31.5;31.6;31.7;31.7;31.6
70;27;Âge moyen de la mère à l'accouchement - Haute-Saône;010607840;28/04/2021 15:56;;;;;;;;;;;;;;;;;;;;;;;;;;;;;;;;;;;;;;;;;;;;;;;;;;;;;;;;;;;;;;;;;;;;;;;;;;;;26.2;26.1;26.1;26.1;26.4;26.2;26.4;26.5;26.6;26.5;26.7;26.9;27.2;27.4;27.3;27.4;27.6;27.6;27.7;27.9;27.8;28.2;28.1;28.3;28.3;28.5;28.5;28.4;28.3;28.4;28.5;28.5;28.6;28.7;28.9;28.6;29.0;28.9;29.0;29.0;29.1;29.2;29.3;29.3;29.5;29.5
42;84;Âge moyen de la mère à l'accouchement - Saône-et-Loire;010607841;28/04/2021 15:56;;;;;;;;;;;;;;;;;;;;;;;;;;;;;;;;;;;;;;;;;;;;;;;;;;;;;;;;;;;;;;;;;;;;;;;;;;;;26.4;26.2;26.2;26.2;26.3;26.5;26.6;26.5;26.6;26.7;26.9;27.0;27.1;27.3;27.6;27.5;27.5;27.8;27.9;27.9;28.2;28.3;28.4;28.4;28.6;28.4;28.7;28.6;28.6;28.9;28.9;28.9;28.9;28.9;29.0;29.1;29.2;29.2;29.3;29.5;29.4;29.4;29.5;29.7;29.7;29.7
72;52;Âge moyen de la mère à l'accouchement - Sarthe;010607842;28/04/2021 15:56;;;;;;;;;;;;;;;;;;;;;;;;;;;;;;;;;;;;;;;;;;;;;;;;;;;;;;;;;;;;;;;;;;;;;;;;;;;;26.2;25.9;25.9;26.1;26.1;26.3;26.6;26.5;26.5;26.8;26.9;27.2;27.3;27.4;27.7;27.7;27.9;28.1;28.2;28.4;28.5;28.6;28.7;28.7;28.9;28.9;29.0;28.9;28.9;29.0;29.1;29.1;29.3;29.2;29.3;29.3;29.3;29.3;29.5;29.6;29.6;29.8;29.8;29.8;29.8;29.9
73;84;Âge moyen de la mère à l'accouchement - Savoie;010607843;28/04/2021 15:56;;;;;;;;;;;;;;;;;;;;;;;;;;;;;;;;;;;;;;;;;;;;;;;;;;;;;;;;;;;;;;;;;;;;;;;;;;;;27.0;26.9;26.9;27.0;26.9;27.0;27.3;27.3;27.6;27.8;27.8;28.0;28.1;28.3;28.5;28.5;28.6;28.7;28.9;28.9;29.1;29.4;29.4;29.4;29.3;29.3;29.7;29.7;29.5;29.8;29.7;29.7;29.9;29.7;30.0;29.8;30.0;30.1;30.2;30.3;30.5;30.5;30.6;30.7;30.7;30.7
73;84;Âge moyen de la mère à l'accouchement - Haute-Savoie;010607844;28/04/2021 15:56;;;;;;;;;;;;;;;;;;;;;;;;;;;;;;;;;;;;;;;;;;;;;;;;;;;;;;;;;;;;;;;;;;;;;;;;;;;;27.1;26.8;26.7;26.9;27.0;26.9;27.2;27.2;27.3;27.3;27.7;27.9;28.1;28.1;28.2;28.3;28.3;28.4;28.6;28.7;28.8;28.9;29.0;29.2;29.2;29.1;29.1;29.2;29.3;29.3;29.6;29.7;29.7;29.7;29.9;30.0;30.2;30.1;30.1;30.5;30.5;30.7;30.7;30.7;30.8;30.9
75;11;Âge moyen de la mère à l'accouchement - Ville-de-Paris;010607845;28/04/2021 15:56;;;;;;;;;;;;;;;;;;;;;;;;;;;;;;;;;;;;;;;;;;;;;;;;;;;;;;;;;;;;;;;;;;;;;;;;;;;;27.8;27.8;27.9;28.1;28.1;28.3;28.4;28.6;28.5;28.8;29.0;29.4;29.7;29.8;30.2;30.4;30.4;30.7;30.9;31.0;31.2;31.4;31.6;31.5;31.6;31.7;31.7;31.6;31.8;32.0;32.1;32.4;32.5;32.6;32.9;33.0;33.0;33.2;33.3;33.5;33.5;33.6;33.9;33.9;34.0;34.0
76;28;Âge moyen de la mère à l'accouchement - Seine-Maritime;010607846;28/04/2021 15:56;;;;;;;;;;;;;;;;;;;;;;;;;;;;;;;;;;;;;;;;;;;;;;;;;;;;;;;;;;;;;;;;;;;;;;;;;;;;26.3;26.2;26.1;26.3;26.2;26.3;26.5;26.6;26.6;26.8;27.0;27.2;27.3;27.5;27.7;27.9;27.9;28.1;28.2;28.3;28.4;28.6;28.7;28.9;28.9;28.9;28.8;29.0;29.1;29.0;29.1;29.2;29.2;29.1;29.3;29.4;29.4;29.4;29.7;29.6;29.9;29.8;30.1;30.2;30.1;30.1
51;44;Âge moyen de la mère à l'accouchement - Seine-et-Marne;010607847;28/04/2021 15:56;;;;;;;;;;;;;;;;;;;;;;;;;;;;;;;;;;;;;;;;;;;;;;;;;;;;;;;;;;;;;;;;;;;;;;;;;;;;26.2;26.2;26.2;26.2;26.3;26.5;26.9;27.0;27.2;27.1;27.4;27.6;27.8;28.0;28.1;28.2;28.3;28.4;28.5;28.8;28.9;29.1;29.1;29.2;29.4;29.2;29.3;29.4;29.4;29.6;29.8;29.8;29.9;29.9;30.0;30.0;30.0;30.2;30.2;30.3;30.4;30.6;30.7;30.7;30.8;30.8
78;11;Âge moyen de la mère à l'accouchement - Yvelines;010607848;28/04/2021 15:56;;;;;;;;;;;;;;;;;;;;;;;;;;;;;;;;;;;;;;;;;;;;;;;;;;;;;;;;;;;;;;;;;;;;;;;;;;;;26.9;26.7;26.8;26.9;27.0;27.3;27.4;27.6;27.6;27.6;28.0;28.1;28.5;28.7;28.9;29.0;29.0;29.2;29.3;29.5;29.8;29.9;29.9;30.1;30.1;30.1;30.2;30.3;30.3;30.3;30.6;30.7;30.7;30.8;30.7;30.8;30.9;31.0;31.0;31.1;31.3;31.4;31.4;31.5;31.6;31.5
79;75;Âge moyen de la mère à l'accouchement - Deux-Sèvres;010607849;28/04/2021 15:56;;;;;;;;;;;;;;;;;;;;;;;;;;;;;;;;;;;;;;;;;;;;;;;;;;;;;;;;;;;;;;;;;;;;;;;;;;;;26.2;26.0;26.0;26.1;26.1;26.1;26.4;26.4;26.4;26.6;26.6;27.0;27.1;27.2;27.4;27.5;27.7;28.0;28.0;28.2;28.3;28.5;28.6;28.7;28.9;28.7;28.8;28.8;29.0;28.8;29.1;29.2;29.2;29.3;29.1;29.3;29.1;29.2;29.5;29.5;29.4;29.6;29.4;29.6;29.5;29.5
80;32;Âge moyen de la mère à l'accouchement - Somme;010607850;28/04/2021 15:56;;;;;;;;;;;;;;;;;;;;;;;;;;;;;;;;;;;;;;;;;;;;;;;;;;;;;;;;;;;;;;;;;;;;;;;;;;;;26.6;26.5;26.3;26.3;26.2;26.3;26.5;26.5;26.5;26.7;26.8;27.1;27.3;27.4;27.6;27.8;27.8;28.1;28.0;28.3;28.3;28.3;28.5;28.6;28.5;28.6;28.7;28.9;29.0;28.9;28.9;29.0;29.2;29.0;29.1;29.2;29.3;29.4;29.5;29.5;29.7;29.7;29.9;29.9;30.0;30.0
81;76;Âge moyen de la mère à l'accouchement - Tarn;010607851;28/04/2021 15:56;;;;;;;;;;;;;;;;;;;;;;;;;;;;;;;;;;;;;;;;;;;;;;;;;;;;;;;;;;;;;;;;;;;;;;;;;;;;26.7;26.5;26.7;26.6;26.7;26.9;27.0;26.7;26.9;27.1;27.4;27.5;27.5;27.6;27.8;28.0;28.0;28.3;28.4;28.7;28.6;28.7;28.9;29.4;28.9;29.2;29.2;29.2;29.4;29.3;29.5;29.5;29.5;29.3;29.5;29.6;29.6;29.8;29.8;29.9;30.0;30.1;30.3;30.0;30.3;30.2
81;76;Âge moyen de la mère à l'accouchement - Tarn-et-Garonne;010607852;28/04/2021 15:56;;;;;;;;;;;;;;;;;;;;;;;;;;;;;;;;;;;;;;;;;;;;;;;;;;;;;;;;;;;;;;;;;;;;;;;;;;;;26.4;26.1;26.2;26.3;26.4;26.5;26.6;26.6;26.6;26.9;27.2;27.2;27.4;27.6;27.8;27.9;27.7;28.1;28.1;28.2;28.2;28.5;28.6;28.4;28.4;28.3;28.6;28.8;28.7;28.7;29.1;28.8;28.8;29.0;29.1;29.3;29.0;29.1;29.1;29.5;29.5;29.7;29.6;29.6;29.6;29.6
83;93;Âge moyen de la mère à l'accouchement - Var;010607853;28/04/2021 15:56;;;;;;;;;;;;;;;;;;;;;;;;;;;;;;;;;;;;;;;;;;;;;;;;;;;;;;;;;;;;;;;;;;;;;;;;;;;;26.4;26.4;26.4;26.6;26.6;26.7;26.8;26.9;27.0;27.0;27.1;27.4;27.6;27.9;27.9;28.2;28.1;28.3;28.4;28.5;28.7;28.6;28.8;29.0;28.9;28.9;29.0;29.1;29.2;29.2;29.4;29.4;29.6;29.6;29.6;29.7;29.7;29.8;29.9;30.0;30.1;30.1;30.2;30.3;30.4;30.4
84;93;Âge moyen de la mère à l'accouchement - Vaucluse;010607854;28/04/2021 15:56;;;;;;;;;;;;;;;;;;;;;;;;;;;;;;;;;;;;;;;;;;;;;;;;;;;;;;;;;;;;;;;;;;;;;;;;;;;;26.6;26.3;26.2;26.2;26.4;26.7;26.8;27.0;27.0;27.0;27.3;27.4;27.7;27.9;28.1;28.2;28.2;28.3;28.6;28.6;28.6;28.9;28.8;28.9;29.0;28.9;29.0;29.1;29.0;29.3;29.3;29.2;29.5;29.3;29.5;29.4;29.6;29.7;29.6;29.8;30.0;30.2;30.1;30.3;30.2;30.1
85;52;Âge moyen de la mère à l'accouchement - Vendée;010607855;28/04/2021 15:56;;;;;;;;;;;;;;;;;;;;;;;;;;;;;;;;;;;;;;;;;;;;;;;;;;;;;;;;;;;;;;;;;;;;;;;;;;;;26.3;26.2;26.1;26.2;26.2;26.3;26.5;26.5;26.4;26.5;26.8;26.9;27.1;27.5;27.6;27.6;27.8;27.9;28.1;28.2;28.4;28.7;29.0;29.0;29.0;28.8;29.0;29.0;29.1;29.2;29.2;29.2;29.3;29.4;29.3;29.4;29.3;29.4;29.4;29.4;29.7;29.7;29.8;29.8;29.9;30.0
86;75;Âge moyen de la mère à l'accouchement - Vienne;010607856;28/04/2021 15:56;;;;;;;;;;;;;;;;;;;;;;;;;;;;;;;;;;;;;;;;;;;;;;;;;;;;;;;;;;;;;;;;;;;;;;;;;;;;26.3;26.4;26.0;26.2;26.4;26.6;26.8;26.9;26.9;26.9;27.5;27.7;27.8;27.9;28.1;28.4;28.4;28.5;28.7;29.0;29.2;29.2;29.4;29.5;29.6;29.5;29.5;29.7;29.7;29.8;29.9;29.9;29.9;29.8;29.9;29.9;30.0;30.0;30.1;30.1;30.3;30.3;30.4;30.3;30.5;30.5
86;75;Âge moyen de la mère à l'accouchement - Haute-Vienne;010607857;28/04/2021 15:56;;;;;;;;;;;;;;;;;;;;;;;;;;;;;;;;;;;;;;;;;;;;;;;;;;;;;;;;;;;;;;;;;;;;;;;;;;;;26.1;26.2;26.0;26.3;26.3;26.5;26.8;26.8;27.0;27.0;27.5;27.6;27.7;27.9;28.2;28.2;28.3;28.4;28.7;28.8;29.2;29.1;29.2;29.3;29.3;29.4;29.4;29.6;29.8;29.7;29.6;29.7;29.7;29.6;29.6;29.8;30.0;29.8;29.8;29.9;30.1;30.3;30.3;30.6;30.3;30.5
88;44;Âge moyen de la mère à l'accouchement - Vosges;010607858;28/04/2021 15:56;;;;;;;;;;;;;;;;;;;;;;;;;;;;;;;;;;;;;;;;;;;;;;;;;;;;;;;;;;;;;;;;;;;;;;;;;;;;26.6;26.5;26.5;26.4;26.4;26.6;26.6;26.7;26.6;26.4;26.8;26.9;26.9;27.1;27.2;27.2;27.4;27.4;27.6;27.7;27.9;28.0;28.2;28.2;28.1;28.1;28.1;28.2;28.3;28.5;28.6;28.6;28.6;28.7;28.7;28.7;28.9;28.9;28.8;28.9;29.1;29.1;29.1;29.3;29.3;29.3
89;27;Âge moyen de la mère à l'accouchement - Yonne;010607859;28/04/2021 15:56;;;;;;;;;;;;;;;;;;;;;;;;;;;;;;;;;;;;;;;;;;;;;;;;;;;;;;;;;;;;;;;;;;;;;;;;;;;;26.2;26.1;26.0;26.0;26.1;26.1;26.5;26.6;26.6;26.6;26.8;26.9;27.3;27.3;27.5;27.5;27.6;27.6;27.7;27.9;28.0;28.2;28.3;28.3;28.5;28.4;28.6;28.6;28.5;28.7;28.8;28.8;28.8;28.9;29.0;29.0;29.1;29.2;29.4;29.3;29.3;29.5;29.3;29.6;29.6;29.6
90;27;Âge moyen de la mère à l'accouchement - Territoire de Belfort;010607860;28/04/2021 15:56;;;;;;;;;;;;;;;;;;;;;;;;;;;;;;;;;;;;;;;;;;;;;;;;;;;;;;;;;;;;;;;;;;;;;;;;;;;;26.4;26.0;26.2;26.1;26.2;26.2;26.6;26.7;26.9;26.9;27.1;27.0;27.4;27.6;27.4;27.7;27.5;27.9;28.1;28.1;28.4;28.4;28.8;28.7;28.9;28.7;28.6;28.9;28.6;28.9;29.1;29.2;29.2;29.2;29.4;29.4;29.8;29.4;29.6;29.8;29.9;29.8;30.2;30.0;30.2;30.2
91;11;Âge moyen de la mère à l'accouchement - Essonne;010607861;28/04/2021 15:56;;;;;;;;;;;;;;;;;;;;;;;;;;;;;;;;;;;;;;;;;;;;;;;;;;;;;;;;;;;;;;;;;;;;;;;;;;;;26.5;26.6;26.5;26.6;26.8;26.9;27.2;27.2;27.3;27.5;27.7;27.9;28.1;28.2;28.5;28.7;28.7;28.8;29.1;29.2;29.4;29.4;29.5;29.7;29.6;29.6;29.5;29.6;29.6;29.7;30.0;29.9;30.0;30.1;30.3;30.3;30.4;30.5;30.6;30.6;30.7;30.7;30.9;30.9;31.1;31.0
92;11;Âge moyen de la mère à l'accouchement - Hauts-de-Seine;010607862;28/04/2021 15:56;;;;;;;;;;;;;;;;;;;;;;;;;;;;;;;;;;;;;;;;;;;;;;;;;;;;;;;;;;;;;;;;;;;;;;;;;;;;27.3;27.1;27.3;27.4;27.7;27.6;27.9;27.9;28.1;28.3;28.4;28.7;28.9;29.2;29.4;29.5;29.7;29.9;30.0;30.2;30.2;30.5;30.7;30.7;30.7;30.9;30.8;30.9;31.0;31.0;31.2;31.3;31.5;31.5;31.7;31.7;31.9;31.9;32.1;32.1;32.2;32.3;32.5;32.7;32.8;32.7
1;84;Âge moyen de la mère à l'accouchement - Seine-Saint-Denis;010607863;28/04/2021 15:56;;;;;;;;;;;;;;;;;;;;;;;;;;;;;;;;;;;;;;;;;;;;;;;;;;;;;;;;;;;;;;;;;;;;;;;;;;;;26.5;26.4;26.4;26.6;26.8;26.9;27.0;27.2;27.3;27.5;27.7;27.9;28.0;28.2;28.4;28.5;28.7;28.9;28.9;29.2;29.3;29.5;29.5;29.6;29.5;29.6;29.6;29.6;29.7;29.8;30.0;30.0;30.1;30.2;30.3;30.3;30.4;30.5;30.5;30.6;30.7;30.8;30.9;31.0;31.1;31.1
51;44;Âge moyen de la mère à l'accouchement - Val-de-Marne;010607864;28/04/2021 15:56;;;;;;;;;;;;;;;;;;;;;;;;;;;;;;;;;;;;;;;;;;;;;;;;;;;;;;;;;;;;;;;;;;;;;;;;;;;;26.8;26.8;26.6;26.8;26.9;27.1;27.3;27.4;27.6;27.7;27.9;28.1;28.3;28.6;28.8;29.0;29.1;29.3;29.4;29.5;29.8;29.9;30.0;30.1;30.2;30.1;30.0;30.2;30.4;30.3;30.5;30.6;30.6;30.8;30.8;31.0;31.1;31.1;31.3;31.4;31.4;31.5;31.7;31.7;31.9;31.8
60;32;Âge moyen de la mère à l'accouchement - Val-d'Oise;010607865;28/04/2021 15:56;;;;;;;;;;;;;;;;;;;;;;;;;;;;;;;;;;;;;;;;;;;;;;;;;;;;;;;;;;;;;;;;;;;;;;;;;;;;26.6;26.4;26.4;26.6;26.7;27.0;27.1;27.2;27.3;27.2;27.6;27.8;28.0;28.2;28.4;28.5;28.6;28.8;28.9;29.1;29.3;29.4;29.5;29.6;29.6;29.5;29.5;29.6;29.7;29.9;30.0;30.1;30.1;30.2;30.4;30.2;30.5;30.5;30.5;30.7;30.8;30.7;31.0;31.0;31.1;31.2
971;1;Âge moyen de la mère à l'accouchement - Guadeloupe;010607866;28/04/2021 15:56;;;;;;;;;;;;;;;;;;;;;;;;;;;;;;;;;;;;;;;;;;;;;;;;;;;;;;;;;;;;;;;;;;;;;;;;;;;;;;;;;;;;;;;;;;;;;;;;;;;28.9;28.9;29.0;29.1;29.2;29.3;29.1;29.1;29.0;29.3;29.4;29.4;29.4;29.4;29.3;29.5;29.6;29.7;29.6;29.8;30.1;30.1;30.1
972;2;Âge moyen de la mère à l'accouchement - Martinique;010607867;28/04/2021 15:56;;;;;;;;;;;;;;;;;;;;;;;;;;;;;;;;;;;;;;;;;;;;;;;;;;;;;;;;;;;;;;;;;;;;;;;;;;;;;;;;;;;;;;;;;;;;;;;;;;;28.9;28.9;28.7;28.9;28.9;29.2;29.1;29.3;29.2;29.3;29.2;29.4;29.2;29.4;29.1;29.3;29.3;29.7;29.5;29.5;29.8;29.8;29.8
973;3;Âge moyen de la mère à l'accouchement - Guyane;010607868;28/04/2021 15:56;;;;;;;;;;;;;;;;;;;;;;;;;;;;;;;;;;;;;;;;;;;;;;;;;;;;;;;;;;;;;;;;;;;;;;;;;;;;;;;;;;;;;;;;;;;;;;;;;;;27.3;27.1;27.4;27.4;27.6;27.5;27.6;27.6;27.8;27.9;27.8;27.9;28.0;28.1;28.2;28.1;28.1;28.3;28.3;28.5;28.8;28.8;28.8
974;4;Âge moyen de la mère à l'accouchement - La Réunion;010607869;28/04/2021 15:56;;;;;;;;;;;;;;;;;;;;;;;;;;;;;;;;;;;;;;;;;;;;;;;;;;;;;;;;;;;;;;;;;;;;;;;;;;;;;;;;;;;;;;;;;;;;27.6;27.6;27.6;27.8;27.7;27.8;28.0;28.0;27.9;28.0;28.0;28.1;28.2;28.3;28.3;28.2;28.3;28.5;28.5;28.3;28.5;28.5;28.5;28.6;28.7;28.7;28.8;28.9;29.1;29.2
976;6;Âge moyen de la mère à l'accouchement - Mayotte;010607870;28/04/2021 15:56;;;;;;;;;;;;;;;;;;;;;;;;;;;;;;;;;;;;;;;;;;;;;;;;;;;;;;;;;;;;;;;;;;;;;;;;;;;;;;;;;;;;;;;;;;;;;;;;;;;;;;;;;;;;;;;;;;;29.1;28.7;28.6;28.7;28.8;29.0;28.9
##;##;Âge moyen de la mère à l'accouchement - Île-de-France;010607872;28/04/2021 15:56;;(O);(O);(O);(O);(O);(O);(O);(O);(O);(O);(O);(O);(O);(O);(O);(O);(O);(O);(O);(O);(O);(O);(O);(O);(O);(O);(O);(O);(O);(O);(O);(O);(O);(O);(O);(O);(O);(O);(O);(O);(O);(O);(O);(O);(O);(O);(O);(O);(O);(O);(O);(O);(O);(O);(O);(O);(O);(O);(O);(O);(O);(O);(O);(O);(O);(O);(O);(O);(O);(O);(O);(O);(O);(O);27,0 (A);26,9 (A);26,9 (A);27,0 (A);27,2 (A);27,4 (A);27,6 (A);27,6 (A);27,8 (A);27,9 (A);28,0 (A);28,3 (A);28,6 (A);28,7 (A);29,0 (A);29,0 (A);29,1 (A);29,3 (A);29,5 (A);29,6 (A);29,8 (A);30,1 (A);30,1 (A);30,2 (A);30,3 (A);30,3 (A);30,3 (A);30,3 (A);30,4 (A);30,4 (A);30,6 (A);30,7 (A);30,8 (A);30,9 (A);31,0 (A);31,1 (A);31,2 (A);31,3 (A);31,3 (A);31,4 (A);31,6 (A);31,7 (A);31,8 (A);31,8 (P);31,9 (P);31,9 (P)
42;84;Âge moyen de la mère à l'accouchement - Centre-Val de Loire;010607873;28/04/2021 15:56;;;;;;;;;;;;;;;;;;;;;;;;;;;;;;;;;;;;;;;;;;;;;;;;;;;;;;;;;;;;;;;;;;;;;;;;;;;;26.2;26.2;26.2;26.2;26.4;26.4;26.6;26.7;26.8;27.0;27.1;27.3;27.5;27.7;27.9;28.0;28.1;28.3;28.3;28.5;28.8;28.9;28.9;29.1;29.2;29.1;29.1;29.3;29.2;29.3;29.3;29.4;29.5;29.5;29.5;29.6;29.7;29.7;29.7;29.8;30.0;30.0;30.1;30.2;30.1;30.2
##;##;Âge moyen de la mère à l'accouchement - Bourgogne-Franche-Comté;010607874;28/04/2021 15:56;;(O);(O);(O);(O);(O);(O);(O);(O);(O);(O);(O);(O);(O);(O);(O);(O);(O);(O);(O);(O);(O);(O);(O);(O);(O);(O);(O);(O);(O);(O);(O);(O);(O);(O);(O);(O);(O);(O);(O);(O);(O);(O);(O);(O);(O);(O);(O);(O);(O);(O);(O);(O);(O);(O);(O);(O);(O);(O);(O);(O);(O);(O);(O);(O);(O);(O);(O);(O);(O);(O);(O);(O);(O);(O);26,6 (A);26,4 (A);26,4 (A);26,3 (A);26,5 (A);26,6 (A);26,7 (A);26,9 (A);26,9 (A);27,0 (A);27,2 (A);27,4 (A);27,5 (A);27,7 (A);27,7 (A);27,9 (A);28,0 (A);28,1 (A);28,1 (A);28,5 (A);28,5 (A);28,6 (A);28,7 (A);28,9 (A);28,9 (A);29,0 (A);29,0 (A);29,1 (A);29,1 (A);29,2 (A);29,2 (A);29,3 (A);29,2 (A);29,4 (A);29,4 (A);29,4 (A);29,5 (A);29,6 (A);29,6 (A);29,7 (A);29,8 (A);29,9 (A);30,0 (A);30,1 (P);30,2 (P);30,1 (P)
##;##;Âge moyen de la mère à l'accouchement - Normandie;010607875;28/04/2021 15:56;;(O);(O);(O);(O);(O);(O);(O);(O);(O);(O);(O);(O);(O);(O);(O);(O);(O);(O);(O);(O);(O);(O);(O);(O);(O);(O);(O);(O);(O);(O);(O);(O);(O);(O);(O);(O);(O);(O);(O);(O);(O);(O);(O);(O);(O);(O);(O);(O);(O);(O);(O);(O);(O);(O);(O);(O);(O);(O);(O);(O);(O);(O);(O);(O);(O);(O);(O);(O);(O);(O);(O);(O);(O);(O);26,4 (A);26,3 (A);26,1 (A);26,2 (A);26,4 (A);26,4 (A);26,6 (A);26,6 (A);26,7 (A);26,8 (A);27,0 (A);27,3 (A);27,5 (A);27,6 (A);27,7 (A);27,8 (A);27,9 (A);28,1 (A);28,2 (A);28,2 (A);28,5 (A);28,6 (A);28,6 (A);28,7 (A);28,8 (A);28,8 (A);28,7 (A);29,0 (A);28,9 (A);29,0 (A);29,0 (A);29,2 (A);29,2 (A);29,1 (A);29,3 (A);29,4 (A);29,3 (A);29,4 (A);29,5 (A);29,6 (A);29,7 (A);29,9 (A);29,9 (A);29,9 (P);30,0 (P);30,0 (P)
##;##;Âge moyen de la mère à l'accouchement - Hauts-de-France;010607876;28/04/2021 15:56;;(O);(O);(O);(O);(O);(O);(O);(O);(O);(O);(O);(O);(O);(O);(O);(O);(O);(O);(O);(O);(O);(O);(O);(O);(O);(O);(O);(O);(O);(O);(O);(O);(O);(O);(O);(O);(O);(O);(O);(O);(O);(O);(O);(O);(O);(O);(O);(O);(O);(O);(O);(O);(O);(O);(O);(O);(O);(O);(O);(O);(O);(O);(O);(O);(O);(O);(O);(O);(O);(O);(O);(O);(O);(O);26,5 (A);26,3 (A);26,2 (A);26,3 (A);26,3 (A);26,4 (A);26,5 (A);26,6 (A);26,5 (A);26,7 (A);26,9 (A);27,1 (A);27,3 (A);27,4 (A);27,5 (A);27,6 (A);27,7 (A);27,8 (A);27,8 (A);28,0 (A);28,1 (A);28,2 (A);28,3 (A);28,5 (A);28,5 (A);28,6 (A);28,5 (A);28,6 (A);28,7 (A);28,8 (A);28,8 (A);29,0 (A);29,0 (A);29,0 (A);29,0 (A);29,0 (A);29,2 (A);29,2 (A);29,3 (A);29,5 (A);29,6 (A);29,7 (A);29,7 (A);29,8 (P);29,9 (P);29,9 (P)
##;##;Âge moyen de la mère à l'accouchement - Grand Est;010607877;28/04/2021 15:56;;(O);(O);(O);(O);(O);(O);(O);(O);(O);(O);(O);(O);(O);(O);(O);(O);(O);(O);(O);(O);(O);(O);(O);(O);(O);(O);(O);(O);(O);(O);(O);(O);(O);(O);(O);(O);(O);(O);(O);(O);(O);(O);(O);(O);(O);(O);(O);(O);(O);(O);(O);(O);(O);(O);(O);(O);(O);(O);(O);(O);(O);(O);(O);(O);(O);(O);(O);(O);(O);(O);(O);(O);(O);(O);26,6 (A);26,4 (A);26,3 (A);26,4 (A);26,5 (A);26,7 (A);26,8 (A);26,8 (A);26,9 (A);26,9 (A);27,2 (A);27,4 (A);27,5 (A);27,7 (A);27,8 (A);27,8 (A);27,9 (A);28,0 (A);28,1 (A);28,3 (A);28,4 (A);28,6 (A);28,6 (A);28,7 (A);28,8 (A);28,8 (A);28,8 (A);28,9 (A);28,9 (A);28,9 (A);29,2 (A);29,2 (A);29,3 (A);29,4 (A);29,4 (A);29,5 (A);29,6 (A);29,7 (A);29,6 (A);29,8 (A);29,9 (A);30,1 (A);30,1 (A);30,2 (P);30,3 (P);30,2 (P)
42;84;Âge moyen de la mère à l'accouchement - Pays de la Loire;010607878;28/04/2021 15:56;;;;;;;;;;;;;;;;;;;;;;;;;;;;;;;;;;;;;;;;;;;;;;;;;;;;;;;;;;;;;;;;;;;;;;;;;;;;26.6;26.4;26.3;26.5;26.6;26.6;26.8;26.9;26.7;26.9;27.2;27.4;27.6;27.8;27.9;27.9;28.2;28.4;28.5;28.7;28.8;29.0;29.0;29.1;29.2;29.3;29.3;29.3;29.4;29.5;29.5;29.6;29.7;29.6;29.7;29.8;29.7;29.7;29.8;30.0;30.1;30.2;30.3;30.4;30.4;30.3
##;##;Âge moyen de la mère à l'accouchement - Bretagne;010607879;28/04/2021 15:56;;(O);(O);(O);(O);(O);(O);(O);(O);(O);(O);(O);(O);(O);(O);(O);(O);(O);(O);(O);(O);(O);(O);(O);(O);(O);(O);(O);(O);(O);(O);(O);(O);(O);(O);(O);(O);(O);(O);(O);(O);(O);(O);(O);(O);(O);(O);(O);(O);(O);(O);(O);(O);(O);(O);(O);(O);(O);(O);(O);(O);(O);(O);(O);(O);(O);(O);(O);(O);(O);(O);(O);(O);(O);(O);26,8 (A);26,7 (A);26,6 (A);26,7 (A);26,8 (A);26,8 (A);26,9 (A);27,1 (A);27,1 (A);27,2 (A);27,4 (A);27,6 (A);27,8 (A);28,0 (A);28,0 (A);28,4 (A);28,5 (A);28,7 (A);28,8 (A);28,8 (A);29,1 (A);29,2 (A);29,3 (A);29,4 (A);29,5 (A);29,6 (A);29,5 (A);29,6 (A);29,7 (A);29,8 (A);30,0 (A);29,8 (A);30,0 (A);29,9 (A);29,9 (A);29,9 (A);30,1 (A);30,2 (A);30,3 (A);30,3 (A);30,4 (A);30,4 (A);30,5 (A);30,5 (P);30,6 (P);30,7 (P)
1;84;Âge moyen de la mère à l'accouchement - Nouvelle-Aquitaine;010607880;28/04/2021 15:56;;;;;;;;;;;;;;;;;;;;;;;;;;;;;;;;;;;;;;;;;;;;;;;;;;;;;;;;;;;;;;;;;;;;;;;;;;;;26.3;26.3;26.2;26.3;26.4;26.5;26.7;26.8;26.8;27.1;27.3;27.4;27.7;27.9;28.0;28.2;28.3;28.3;28.5;28.7;28.8;29.0;28.9;29.2;29.3;29.2;29.3;29.3;29.5;29.4;29.5;29.7;29.7;29.7;29.7;29.8;29.7;29.8;30.0;30.1;30.1;30.3;30.4;30.5;30.6;30.6
##;##;Âge moyen de la mère à l'accouchement - Occitanie;010607881;28/04/2021 15:56;;(O);(O);(O);(O);(O);(O);(O);(O);(O);(O);(O);(O);(O);(O);(O);(O);(O);(O);(O);(O);(O);(O);(O);(O);(O);(O);(O);(O);(O);(O);(O);(O);(O);(O);(O);(O);(O);(O);(O);(O);(O);(O);(O);(O);(O);(O);(O);(O);(O);(O);(O);(O);(O);(O);(O);(O);(O);(O);(O);(O);(O);(O);(O);(O);(O);(O);(O);(O);(O);(O);(O);(O);(O);(O);26,8 (A);26,7 (A);26,8 (A);26,8 (A);26,8 (A);27,0 (A);27,1 (A);27,2 (A);27,3 (A);27,4 (A);27,7 (A);27,8 (A);28,1 (A);28,2 (A);28,4 (A);28,5 (A);28,5 (A);28,8 (A);28,8 (A);29,1 (A);29,0 (A);29,2 (A);29,3 (A);29,4 (A);29,5 (A);29,6 (A);29,7 (A);29,7 (A);29,7 (A);29,7 (A);29,9 (A);29,9 (A);29,8 (A);29,9 (A);29,9 (A);30,0 (A);30,1 (A);30,1 (A);30,2 (A);30,4 (A);30,5 (A);30,6 (A);30,6 (A);30,8 (P);30,7 (P);30,8 (P)
69;84;Âge moyen de la mère à l'accouchement - Auvergne-Rhône-Alpes;010607882;28/04/2021 15:56;;;;;;;;;;;;;;;;;;;;;;;;;;;;;;;;;;;;;;;;;;;;;;;;;;;;;;;;;;;;;;;;;;;;;;;;;;;;27.0;26.9;26.9;26.8;26.9;27.1;27.2;27.3;27.4;27.5;27.7;28.0;28.1;28.2;28.4;28.4;28.6;28.7;28.8;29.1;29.1;29.3;29.3;29.5;29.5;29.6;29.6;29.6;29.6;29.7;29.9;29.9;29.9;30.0;30.0;30.2;30.2;30.3;30.3;30.4;30.5;30.7;30.8;30.9;30.7;30.7
##;##;Âge moyen de la mère à l'accouchement - Provence-Alpes-Côte d'Azur;010607883;28/04/2021 15:56;;(O);(O);(O);(O);(O);(O);(O);(O);(O);(O);(O);(O);(O);(O);(O);(O);(O);(O);(O);(O);(O);(O);(O);(O);(O);(O);(O);(O);(O);(O);(O);(O);(O);(O);(O);(O);(O);(O);(O);(O);(O);(O);(O);(O);(O);(O);(O);(O);(O);(O);(O);(O);(O);(O);(O);(O);(O);(O);(O);(O);(O);(O);(O);(O);(O);(O);(O);(O);(O);(O);(O);(O);(O);(O);26,8 (A);26,8 (A);26,7 (A);26,8 (A);26,9 (A);26,9 (A);27,2 (A);27,2 (A);27,4 (A);27,4 (A);27,7 (A);27,8 (A);28,1 (A);28,3 (A);28,3 (A);28,4 (A);28,6 (A);28,6 (A);28,8 (A);28,9 (A);29,0 (A);29,2 (A);29,2 (A);29,4 (A);29,4 (A);29,4 (A);29,5 (A);29,5 (A);29,7 (A);29,7 (A);29,9 (A);29,8 (A);30,0 (A);30,0 (A);30,0 (A);30,2 (A);30,2 (A);30,1 (A);30,2 (A);30,3 (A);30,5 (A);30,5 (A);30,6 (A);30,7 (P);30,7 (P);30,7 (P)
##;##;Âge moyen de la mère à l'accouchement - Corse;010607884;28/04/2021 15:56;;(O);(O);(O);(O);(O);(O);(O);(O);(O);(O);(O);(O);(O);(O);(O);(O);(O);(O);(O);(O);(O);(O);(O);(O);(O);(O);(O);(O);(O);(O);(O);(O);(O);(O);(O);(O);(O);(O);(O);(O);(O);(O);(O);(O);(O);(O);(O);(O);(O);(O);(O);(O);(O);(O);(O);(O);(O);(O);(O);(O);(O);(O);(O);(O);(O);(O);(O);(O);(O);(O);(O);(O);(O);(O);26,7 (A);26,5 (A);26,7 (A);26,6 (A);26,6 (A);26,7 (A);26,9 (A);27,1 (A);26,9 (A);27,3 (A);27,2 (A);27,5 (A);27,7 (A);28,0 (A);28,0 (A);28,2 (A);28,2 (A);28,4 (A);28,5 (A);28,6 (A);28,8 (A);29,0 (A);29,1 (A);29,1 (A);29,4 (A);29,2 (A);29,3 (A);29,4 (A);29,4 (A);29,5 (A);29,7 (A);29,7 (A);30,1 (A);29,9 (A);29,9 (A);29,9 (A);30,0 (A);30,2 (A);30,0 (A);30,4 (A);30,4 (A);30,5 (A);30,6 (A);30,6 (P);30,8 (P);30,8 (P)
1;84;Âge moyen de la mère à l'accouchement - France métropolitaine hors Île-de-France;010607871;28/04/2021 15:56;;;;;;;;;;;;;;;;;;;;;;;;;;;;;;;;;;;;;;;;;;;;;;;;;;;;;;;;;;;;;;;;;;;;;;;;;;;;26.6;26.4;26.4;26.4;26.6;26.7;26.8;26.9;26.9;27.1;27.4;27.5;27.6;27.9;27.9;28.1;28.2;28.4;28.5;28.6;28.6;28.8;28.9;29.0;29.2;29.1;29.2;29.2;29.3;29.4;29.4;29.5;29.6;29.7;29.7;29.8;29.9;29.9;29.9;30.1;30.2;30.3;30.3;30.3;30.4;30.5
