CodeReg,CodeDep,Natalité,idBank,Dernière mise à jour,Période,1901,1902,1903,1904,1905,1906,1907,1908,1909,1910,1911,1912,1913,1914,1915,1916,1917,1918,1919,1920,1921,1922,1923,1924,1925,1926,1927,1928,1929,1930,1931,1932,1933,1934,1935,1936,1937,1938,1939,1940,1941,1942,1943,1944,1945,1946,1947,1948,1949,1950,1951,1952,1953,1954,1955,1956,1957,1958,1959,1960,1961,1962,1963,1964,1965,1966,1967,1968,1969,1970,1971,1972,1973,1974,1975,1976,1977,1978,1979,1980,1981,1982,1983,1984,1985,1986,1987,1988,1989,1990,1991,1992,1993,1994,1995,1996,1997,1998,1999,2000,2001,2002,2003,2004,2005,2006,2007,2008,2009,2010,2011,2012,2013,2014,2015,2016,2017,2018,2019,2020
84,1,Taux de natalité - Ain,001747872,28/04/2021 15:56,,,,,,,,,,,,,,,,,,,,,,,,,,,,,,,,,,,,,,,,,,,,,,,,,,,,,,,,,,,,,,,,,,,,,,,,,,,,13.3,13.3,13.6,13.3,13.6,14.7,15.0,14.5,13.8,13.3,13.5,14.0,13.5,13.4,13.2,13.5,13.1,12.6,11.9,12.2,12.4,12.3,12.4,12.5,12.3,12.7,12.4,12.4,12.6,12.1,12.4,12.7,12.0,12.5,12.1,12.1,11.9,11.8,11.7,11.7,11.0,11.1,10.8,10.9,10.5,10.3
32,2,Taux de natalité - Aisne,001747873,28/04/2021 15:56,,,,,,,,,,,,,,,,,,,,,,,,,,,,,,,,,,,,,,,,,,,,,,,,,,,,,,,,,,,,,,,,,,,,,,,,,,,,15.6,14.5,15.0,14.6,14.8,16.5,16.2,15.6,14.7,15.0,14.9,15.3,15.0,14.6,14.3,14.0,13.8,13.7,12.7,12.9,12.8,12.6,12.7,13.0,13.2,13.6,13.1,12.9,12.7,12.6,12.8,13.1,12.7,13.0,12.8,13.0,12.8,12.5,12.1,12.0,11.7,10.9,11.0,10.5,10.2,10.1
84,3,Taux de natalité - Allier,001747874,28/04/2021 15:56,,,,,,,,,,,,,,,,,,,,,,,,,,,,,,,,,,,,,,,,,,,,,,,,,,,,,,,,,,,,,,,,,,,,,,,,,,,,11.1,10.7,11.1,11.2,10.9,11.4,11.4,11.1,10.4,10.2,10.0,10.1,10.2,9.9,9.8,10.0,9.8,9.7,9.1,9.4,9.4,9.6,9.7,9.8,9.8,10.4,10.3,9.6,9.9,9.7,9.8,10.2,9.6,9.6,9.6,9.9,9.3,9.6,9.3,9.2,8.8,8.9,8.5,8.2,8.3,7.8
93,4,Taux de natalité - Alpes-de-Haute-Provence,001747875,28/04/2021 15:56,,,,,,,,,,,,,,,,,,,,,,,,,,,,,,,,,,,,,,,,,,,,,,,,,,,,,,,,,,,,,,,,,,,,,,,,,,,,9.9,9.4,10.5,10.1,10.4,11.1,11.5,12.0,11.1,11.6,12.1,11.7,11.9,12.4,12.1,12.6,11.7,11.5,10.9,10.1,10.7,11.1,10.0,10.3,10.7,10.9,10.6,10.6,9.8,10.1,9.9,9.9,10.0,9.9,9.5,9.6,9.8,9.7,10.1,9.5,9.3,9.2,8.8,8.5,8.3,8.0
93,5,Taux de natalité - Hautes-Alpes,001747876,28/04/2021 15:56,,,,,,,,,,,,,,,,,,,,,,,,,,,,,,,,,,,,,,,,,,,,,,,,,,,,,,,,,,,,,,,,,,,,,,,,,,,,12.0,12.0,12.0,12.4,12.3,12.9,13.3,13.9,13.1,13.4,12.8,12.3,12.8,13.0,13.3,12.4,12.1,12.3,11.6,11.6,11.4,11.7,10.9,11.0,11.6,11.5,12.0,11.5,11.1,10.9,10.7,11.1,10.9,10.7,11.1,10.7,10.1,10.3,10.1,9.9,9.6,9.2,8.6,8.8,8.7,8.3
93,6,Taux de natalité - Alpes-Maritimes,001747877,28/04/2021 15:56,,,,,,,,,,,,,,,,,,,,,,,,,,,,,,,,,,,,,,,,,,,,,,,,,,,,,,,,,,,,,,,,,,,,,,,,,,,,9.6,9.4,9.8,10.3,10.5,10.9,11.3,11.2,11.0,10.7,10.8,11.1,11.2,11.6,11.7,11.8,11.9,11.7,10.7,10.8,10.7,10.9,10.8,10.9,10.7,11.1,11.0,10.9,10.6,10.9,10.9,10.9,10.7,11.3,11.1,11.3,11.1,11.2,11.2,11.2,11.1,11.0,11.0,10.7,10.6,10.3
84,7,Taux de natalité - Ardèche,001747878,28/04/2021 15:56,,,,,,,,,,,,,,,,,,,,,,,,,,,,,,,,,,,,,,,,,,,,,,,,,,,,,,,,,,,,,,,,,,,,,,,,,,,,11.5,11.2,11.0,11.5,11.6,12.4,12.6,12.4,11.4,11.7,11.7,12.1,11.4,11.4,11.4,11.4,11.5,11.0,10.3,10.6,11.1,10.7,10.8,10.9,10.9,11.3,11.3,11.1,11.3,10.5,11.2,11.3,11.2,11.0,10.5,10.7,10.6,10.7,9.9,10.1,10.0,8.8,9.2,8.8,9.1,8.4
44,8,Taux de natalité - Ardennes,001747879,28/04/2021 15:56,,,,,,,,,,,,,,,,,,,,,,,,,,,,,,,,,,,,,,,,,,,,,,,,,,,,,,,,,,,,,,,,,,,,,,,,,,,,15.6,15.1,15.3,14.9,14.9,15.9,15.8,15.6,14.3,14.7,14.9,15.4,15.2,14.5,13.9,13.6,13.5,13.2,12.3,12.3,12.6,12.7,12.6,12.7,12.7,13.1,13.0,12.4,12.3,11.9,12.0,11.7,12.5,12.4,11.7,11.5,11.1,11.6,10.8,10.6,10.1,10.0,9.2,9.1,9.6,9.2
76,9,Taux de natalité - Ariège,001747880,28/04/2021 15:56,,,,,,,,,,,,,,,,,,,,,,,,,,,,,,,,,,,,,,,,,,,,,,,,,,,,,,,,,,,,,,,,,,,,,,,,,,,,9.1,9.1,9.2,9.2,9.6,10.5,10.5,10.3,9.3,9.9,9.8,10.2,9.6,10.3,9.6,9.7,10.0,9.1,9.2,9.4,9.3,9.2,9.2,10.1,9.0,9.9,9.2,9.3,9.5,9.8,9.5,10.2,10.5,9.9,9.6,9.7,9.2,9.3,9.3,8.9,9.0,8.6,8.2,8.1,7.9,7.8
44,10,Taux de natalité - Aube,001747881,28/04/2021 15:56,,,,,,,,,,,,,,,,,,,,,,,,,,,,,,,,,,,,,,,,,,,,,,,,,,,,,,,,,,,,,,,,,,,,,,,,,,,,14.1,13.7,13.3,13.7,13.5,14.4,14.4,13.9,12.9,13.3,13.2,13.7,13.7,13.1,13.0,12.9,12.7,12.6,11.9,11.9,12.0,12.5,12.0,11.9,11.9,12.2,11.8,11.4,11.6,11.9,12.3,12.3,12.0,12.3,12.3,12.3,11.9,11.7,11.2,10.9,11.2,10.8,10.1,10.2,10.0,10.0
76,11,Taux de natalité - Aude,001747882,28/04/2021 15:56,,,,,,,,,,,,,,,,,,,,,,,,,,,,,,,,,,,,,,,,,,,,,,,,,,,,,,,,,,,,,,,,,,,,,,,,,,,,9.8,9.3,10.0,10.0,10.2,11.2,11.0,10.7,10.4,10.4,10.6,10.9,11.0,10.8,11.1,10.7,10.5,10.1,9.9,9.9,10.4,10.5,10.2,10.1,10.4,10.3,10.4,10.1,10.4,10.0,10.3,10.7,10.7,10.7,10.7,10.5,10.5,10.1,9.9,9.6,9.6,9.2,8.9,8.6,8.5,8.6
76,12,Taux de natalité - Aveyron,001747883,28/04/2021 15:56,,,,,,,,,,,,,,,,,,,,,,,,,,,,,,,,,,,,,,,,,,,,,,,,,,,,,,,,,,,,,,,,,,,,,,,,,,,,11.2,11.2,11.2,10.9,11.1,11.6,11.5,11.1,9.9,10.2,10.3,9.7,9.7,10.1,9.5,9.6,9.3,9.1,8.9,9.0,9.4,9.5,9.4,9.6,9.6,10.0,10.0,9.8,9.5,9.6,9.9,10.3,10.1,9.9,9.5,9.7,9.7,9.4,8.9,9.2,8.5,8.6,8.3,8.0,7.8,7.8
93,13,Taux de natalité - Bouches-du-Rhône,001747884,28/04/2021 15:56,,,,,,,,,,,,,,,,,,,,,,,,,,,,,,,,,,,,,,,,,,,,,,,,,,,,,,,,,,,,,,,,,,,,,,,,,,,,12.6,12.2,12.7,12.8,13.0,13.6,13.6,13.5,12.9,13.1,13.4,13.5,13.2,13.4,13.5,13.1,13.2,12.8,12.3,12.3,12.4,12.6,12.4,12.5,12.5,12.8,13.0,12.8,12.6,12.6,12.7,13.0,12.8,12.9,13.0,13.4,13.1,13.2,13.4,13.1,13.0,12.8,12.7,12.6,12.4,12.1
28,14,Taux de natalité - Calvados,001747885,28/04/2021 15:56,,,,,,,,,,,,,,,,,,,,,,,,,,,,,,,,,,,,,,,,,,,,,,,,,,,,,,,,,,,,,,,,,,,,,,,,,,,,15.7,15.5,15.6,15.5,15.7,16.8,16.2,15.7,14.9,14.7,14.7,14.7,14.6,14.2,14.0,13.3,13.4,12.8,12.3,12.7,12.8,12.9,12.3,12.7,12.6,13.0,12.7,12.5,12.4,12.4,12.3,12.7,12.3,12.0,12.2,11.8,11.7,11.4,11.1,10.8,10.4,10.0,9.6,9.6,9.5,9.5
84,15,Taux de natalité - Cantal,001747886,28/04/2021 15:56,,,,,,,,,,,,,,,,,,,,,,,,,,,,,,,,,,,,,,,,,,,,,,,,,,,,,,,,,,,,,,,,,,,,,,,,,,,,12.4,11.5,12.1,11.1,11.7,12.3,12.3,11.9,10.9,10.9,10.5,10.7,10.5,10.3,9.7,9.7,9.4,9.0,8.0,8.6,8.3,9.0,8.7,8.7,8.5,9.2,9.3,9.8,9.0,9.3,9.3,9.4,9.1,8.8,9.3,8.6,8.4,8.4,8.8,8.3,7.7,7.3,7.4,7.7,7.1,7.2
75,16,Taux de natalité - Charente,001747887,28/04/2021 15:56,,,,,,,,,,,,,,,,,,,,,,,,,,,,,,,,,,,,,,,,,,,,,,,,,,,,,,,,,,,,,,,,,,,,,,,,,,,,13.1,12.5,12.6,11.6,12.2,13.4,13.1,12.5,12.3,12.1,11.7,12.3,12.1,11.7,11.2,11.3,11.0,10.7,10.0,10.0,10.6,10.3,10.1,10.7,10.5,10.9,10.8,10.0,9.9,10.2,10.3,10.5,10.3,10.4,9.7,10.1,9.8,9.9,9.8,9.5,9.3,9.0,8.6,8.4,8.5,8.4
75,17,Taux de natalité - Charente-Maritime,001747888,28/04/2021 15:56,,,,,,,,,,,,,,,,,,,,,,,,,,,,,,,,,,,,,,,,,,,,,,,,,,,,,,,,,,,,,,,,,,,,,,,,,,,,12.8,11.9,12.4,12.0,12.7,13.2,13.1,12.5,11.6,11.4,11.4,11.8,11.2,11.5,11.4,11.1,10.5,10.4,10.0,9.6,10.2,10.3,10.0,10.3,10.5,10.8,10.7,10.0,10.2,10.0,10.2,10.1,9.7,10.0,10.0,9.9,9.7,9.4,9.1,9.2,8.5,8.5,8.0,7.8,7.9,7.6
24,18,Taux de natalité - Cher,001747889,28/04/2021 15:56,,,,,,,,,,,,,,,,,,,,,,,,,,,,,,,,,,,,,,,,,,,,,,,,,,,,,,,,,,,,,,,,,,,,,,,,,,,,12.7,11.6,11.9,11.2,11.4,12.2,12.3,12.3,11.7,11.8,11.9,11.8,11.6,11.7,11.6,11.6,11.1,10.9,10.5,10.0,10.4,10.4,10.5,10.8,11.1,10.9,11.0,10.4,10.5,10.4,10.5,10.3,10.6,10.6,10.4,10.7,10.1,10.0,10.1,10.0,9.2,9.4,9.2,8.8,9.2,8.7
75,19,Taux de natalité - Corrèze,001747890,28/04/2021 15:56,,,,,,,,,,,,,,,,,,,,,,,,,,,,,,,,,,,,,,,,,,,,,,,,,,,,,,,,,,,,,,,,,,,,,,,,,,,,10.6,10.3,10.2,10.0,10.6,11.1,10.9,10.6,10.2,10.0,9.9,9.8,9.5,9.7,9.2,9.0,8.9,9.0,8.6,8.2,9.0,8.9,9.0,8.9,9.3,9.7,9.8,9.5,9.0,9.4,9.7,9.6,9.3,9.3,9.2,9.2,9.1,9.0,8.5,8.7,8.1,8.2,8.0,7.9,7.6,7.8
27,21,Taux de natalité - Côte-d'Or,001747893,28/04/2021 15:56,,,,,,,,,,,,,,,,,,,,,,,,,,,,,,,,,,,,,,,,,,,,,,,,,,,,,,,,,,,,,,,,,,,,,,,,,,,,14.7,14.1,14.8,14.3,14.6,15.3,14.7,14.7,13.7,14.0,14.2,14.1,13.6,13.6,13.2,13.3,12.7,12.2,11.6,11.5,12.0,12.1,11.8,12.0,11.9,12.2,11.8,11.6,11.8,11.8,11.3,11.6,11.6,11.4,11.2,11.4,11.2,11.2,10.9,10.9,10.3,10.1,10.1,9.7,9.5,9.7
53,22,Taux de natalité - Côtes-d'Armor,001747894,28/04/2021 15:56,,,,,,,,,,,,,,,,,,,,,,,,,,,,,,,,,,,,,,,,,,,,,,,,,,,,,,,,,,,,,,,,,,,,,,,,,,,,13.3,12.6,13.0,12.8,12.9,13.4,13.8,13.0,11.9,11.9,12.2,12.3,12.1,11.7,11.0,11.0,10.6,10.5,10.0,10.1,10.5,10.8,10.5,10.8,11.2,11.6,11.3,11.4,11.5,11.2,11.1,11.8,11.2,11.1,11.1,10.9,10.5,10.4,9.9,9.7,9.4,9.0,8.9,8.9,8.6,8.5
75,23,Taux de natalité - Creuse,001747895,28/04/2021 15:56,,,,,,,,,,,,,,,,,,,,,,,,,,,,,,,,,,,,,,,,,,,,,,,,,,,,,,,,,,,,,,,,,,,,,,,,,,,,9.3,8.7,9.1,8.8,8.8,9.1,9.1,9.3,8.3,8.4,8.6,9.1,9.2,8.5,8.8,8.8,8.7,8.4,8.2,7.6,8.1,8.4,8.3,8.5,8.5,8.8,8.5,8.0,8.2,7.7,8.5,8.4,8.2,8.3,8.5,7.5,7.9,8.2,7.4,7.3,7.4,6.9,7.1,6.9,6.7,6.6
75,24,Taux de natalité - Dordogne,001747896,28/04/2021 15:56,,,,,,,,,,,,,,,,,,,,,,,,,,,,,,,,,,,,,,,,,,,,,,,,,,,,,,,,,,,,,,,,,,,,,,,,,,,,10.4,9.9,10.4,10.0,10.5,10.8,11.2,10.6,10.1,9.8,10.0,10.4,9.9,10.1,9.8,9.7,9.3,9.3,8.7,8.5,8.9,8.9,9.3,9.1,9.2,9.6,9.3,9.0,9.1,9.2,9.1,9.3,9.2,9.3,8.9,8.8,8.8,8.5,8.4,8.4,7.8,7.8,7.7,7.1,7.2,7.3
27,25,Taux de natalité - Doubs,001747897,28/04/2021 15:56,,,,,,,,,,,,,,,,,,,,,,,,,,,,,,,,,,,,,,,,,,,,,,,,,,,,,,,,,,,,,,,,,,,,,,,,,,,,16.8,16.2,16.8,16.1,16.7,17.3,16.8,16.8,15.2,15.1,14.8,14.7,14.2,13.9,13.6,13.5,13.9,13.3,12.4,12.9,12.8,12.9,12.8,12.5,12.8,13.3,12.7,12.5,12.8,13.3,13.2,13.5,13.0,13.5,13.1,13.4,12.9,12.7,12.6,12.4,12.1,11.8,11.3,11.1,10.6,10.5
84,26,Taux de natalité - Drôme,001747898,28/04/2021 15:56,,,,,,,,,,,,,,,,,,,,,,,,,,,,,,,,,,,,,,,,,,,,,,,,,,,,,,,,,,,,,,,,,,,,,,,,,,,,12.8,12.3,13.2,13.3,13.9,14.8,14.5,14.4,13.4,13.9,13.6,13.6,13.6,13.5,13.4,13.7,13.3,12.9,11.8,12.2,12.3,12.7,12.2,12.2,12.0,12.7,12.6,12.2,12.1,12.4,12.0,12.6,12.3,12.3,12.1,12.2,12.2,12.0,12.1,11.9,11.4,10.9,10.9,10.5,10.5,10.0
28,27,Taux de natalité - Eure,001747899,28/04/2021 15:56,,,,,,,,,,,,,,,,,,,,,,,,,,,,,,,,,,,,,,,,,,,,,,,,,,,,,,,,,,,,,,,,,,,,,,,,,,,,14.9,14.4,14.4,14.7,14.9,16.0,15.6,15.7,14.6,14.8,15.0,15.7,15.0,14.5,14.4,14.2,14.4,13.8,12.9,12.6,13.1,13.2,13.0,13.4,13.3,13.5,13.2,13.0,12.9,12.9,13.1,13.0,13.0,13.3,13.2,13.1,13.1,12.9,12.3,12.1,11.5,11.6,11.0,10.7,10.3,10.4
24,28,Taux de natalité - Eure-et-Loir,001747900,28/04/2021 15:56,,,,,,,,,,,,,,,,,,,,,,,,,,,,,,,,,,,,,,,,,,,,,,,,,,,,,,,,,,,,,,,,,,,,,,,,,,,,14.8,14.3,14.9,14.7,15.0,15.5,15.7,15.7,14.1,14.7,14.5,14.6,14.3,14.1,14.1,13.7,13.8,13.0,12.4,12.4,12.7,12.7,12.4,12.8,12.7,13.1,12.9,12.7,12.9,12.8,13.3,13.4,12.9,13.4,13.0,13.3,12.8,12.8,12.3,12.2,11.7,12.0,11.1,11.0,10.7,10.4
53,29,Taux de natalité - Finistère,001747901,28/04/2021 15:56,,,,,,,,,,,,,,,,,,,,,,,,,,,,,,,,,,,,,,,,,,,,,,,,,,,,,,,,,,,,,,,,,,,,,,,,,,,,13.4,12.7,13.5,13.0,13.4,14.4,14.2,13.7,12.7,12.9,13.0,12.9,12.7,12.5,12.3,12.1,11.7,11.6,11.0,11.1,11.4,11.5,11.4,11.9,11.6,12.1,11.8,11.3,11.4,11.4,11.2,11.5,11.2,11.3,10.9,10.9,10.7,10.6,10.3,10.0,9.7,9.3,9.2,8.9,8.7,8.6
94,2A,Taux de natalité - Corse-du-Sud,001747891,28/04/2021 15:56,,,,,,,,,,,,,,,,,,,,,,,,,,,,,,,,,,,,,,,,,,,,,,,,,,,,,,,,,,,,,,,,,,,,,,,,,,,,11.0,10.6,11.1,10.7,11.9,12.2,13.0,12.8,12.3,11.9,12.6,13.0,12.8,12.5,12.6,12.5,12.2,11.9,11.5,11.4,11.4,10.9,10.3,10.5,11.0,11.4,10.5,10.3,9.5,9.3,10.0,9.7,9.2,9.7,10.0,9.7,9.8,9.5,8.8,9.0,8.7,8.8,8.4,8.7,8.4,7.9
94,2B,Taux de natalité - Haute-Corse,001747892,28/04/2021 15:56,,,,,,,,,,,,,,,,,,,,,,,,,,,,,,,,,,,,,,,,,,,,,,,,,,,,,,,,,,,,,,,,,,,,,,,,,,,,10.9,10.1,10.7,10.1,10.6,11.3,11.7,11.3,12.0,11.1,11.1,11.3,11.1,11.6,11.8,11.5,11.2,10.8,10.2,10.7,11.2,10.2,10.2,10.6,9.8,10.4,9.5,9.6,9.6,9.3,9.7,9.3,9.7,9.6,9.6,9.5,9.8,9.4,9.3,9.3,8.7,8.7,8.9,8.1,8.2,7.6
76,30,Taux de natalité - Gard,001747902,28/04/2021 15:56,,,,,,,,,,,,,,,,,,,,,,,,,,,,,,,,,,,,,,,,,,,,,,,,,,,,,,,,,,,,,,,,,,,,,,,,,,,,11.5,10.6,11.1,11.4,12.1,12.9,13.0,12.8,12.3,12.4,12.3,12.8,12.6,12.5,12.5,12.3,12.0,11.9,11.3,11.4,11.7,11.6,11.5,11.7,11.4,11.8,12.0,11.6,11.3,11.6,11.6,12.2,11.8,12.1,11.8,11.9,11.7,11.2,11.5,11.1,10.8,10.8,10.3,10.2,10.0,9.8
76,31,Taux de natalité - Haute-Garonne,001747903,28/04/2021 15:56,,,,,,,,,,,,,,,,,,,,,,,,,,,,,,,,,,,,,,,,,,,,,,,,,,,,,,,,,,,,,,,,,,,,,,,,,,,,12.5,11.8,12.0,11.9,12.2,12.6,12.7,12.2,12.0,11.8,12.1,12.0,11.9,12.3,12.6,12.6,12.6,12.7,12.2,12.0,12.2,12.3,12.3,12.3,12.4,12.9,12.8,12.4,12.3,12.0,12.1,12.5,12.4,12.6,12.4,12.6,12.6,12.7,12.5,12.5,12.2,11.8,11.7,11.5,11.3,11.2
76,32,Taux de natalité - Gers,001747904,28/04/2021 15:56,,,,,,,,,,,,,,,,,,,,,,,,,,,,,,,,,,,,,,,,,,,,,,,,,,,,,,,,,,,,,,,,,,,,,,,,,,,,9.9,9.0,9.4,9.0,9.5,9.9,9.9,9.9,9.5,9.2,9.5,9.3,9.6,9.4,9.6,9.5,9.2,9.1,8.3,8.6,9.1,9.2,9.1,9.1,9.0,9.4,9.8,8.8,9.2,9.1,9.2,8.7,9.0,9.1,9.2,8.9,8.4,8.8,8.7,8.6,8.3,7.8,7.2,7.5,7.3,7.4
75,33,Taux de natalité - Gironde,001747905,28/04/2021 15:56,,,,,,,,,,,,,,,,,,,,,,,,,,,,,,,,,,,,,,,,,,,,,,,,,,,,,,,,,,,,,,,,,,,,,,,,,,,,13.4,13.0,13.0,12.6,13.2,14.1,13.9,13.4,12.2,12.2,12.6,12.5,12.1,12.2,12.2,12.2,12.1,11.8,11.0,11.3,11.4,11.6,11.3,11.5,11.7,12.1,12.1,11.7,11.5,11.6,11.3,11.8,11.7,11.7,11.8,11.9,11.6,11.4,11.4,11.3,11.0,10.8,10.7,10.6,10.4,10.3
76,34,Taux de natalité - Hérault,001747906,28/04/2021 15:56,,,,,,,,,,,,,,,,,,,,,,,,,,,,,,,,,,,,,,,,,,,,,,,,,,,,,,,,,,,,,,,,,,,,,,,,,,,,11.5,11.5,11.6,11.7,12.1,12.8,12.8,12.6,12.0,11.9,12.0,12.3,12.1,12.4,12.6,12.6,12.6,12.5,11.7,11.6,11.9,11.9,11.6,11.7,11.8,11.6,12.4,12.2,11.8,11.8,11.7,12.1,12.1,12.2,12.1,12.0,12.2,11.9,11.7,11.7,11.5,11.2,10.9,10.8,10.6,10.4
53,35,Taux de natalité - Ille-et-Vilaine,001747869,28/04/2021 15:56,,,,,,,,,,,,,,,,,,,,,,,,,,,,,,,,,,,,,,,,,,,,,,,,,,,,,,,,,,,,,,,,,,,,,,,,,,,,16.1,15.0,15.4,15.2,15.5,16.3,15.7,15.3,14.1,13.9,14.0,14.0,13.7,13.5,13.5,13.3,13.1,12.9,12.4,12.2,12.6,13.0,12.7,13.1,12.9,13.7,13.6,13.1,13.2,13.0,13.2,13.3,13.1,13.2,13.1,13.0,13.0,12.7,12.4,12.1,11.5,11.3,11.0,10.9,10.8,10.6
24,36,Taux de natalité - Indre,001747907,28/04/2021 15:56,,,,,,,,,,,,,,,,,,,,,,,,,,,,,,,,,,,,,,,,,,,,,,,,,,,,,,,,,,,,,,,,,,,,,,,,,,,,11.7,11.5,11.6,11.2,10.9,11.1,11.6,10.9,10.0,10.0,10.4,10.5,10.3,10.4,9.8,10.3,10.0,9.8,8.9,9.7,10.0,9.5,9.6,10.0,10.3,10.9,10.4,10.2,10.0,10.0,10.3,9.8,10.1,10.2,9.4,9.6,9.3,9.4,8.8,9.0,8.4,7.9,7.8,8.0,8.1,8.0
24,37,Taux de natalité - Indre-et-Loire,001747908,28/04/2021 15:56,,,,,,,,,,,,,,,,,,,,,,,,,,,,,,,,,,,,,,,,,,,,,,,,,,,,,,,,,,,,,,,,,,,,,,,,,,,,14.1,13.6,13.4,13.3,13.1,14.0,14.0,13.6,13.0,13.1,13.1,13.2,12.8,12.8,12.6,12.5,12.5,11.9,11.3,11.5,11.4,11.5,11.4,11.6,11.9,12.2,12.0,11.9,11.6,11.5,11.5,11.7,11.0,11.6,11.6,11.6,11.2,11.4,11.0,11.1,10.7,10.6,10.2,10.0,9.8,9.9
84,38,Taux de natalité - Isère,001747909,28/04/2021 15:56,,,,,,,,,,,,,,,,,,,,,,,,,,,,,,,,,,,,,,,,,,,,,,,,,,,,,,,,,,,,,,,,,,,,,,,,,,,,14.4,14.0,14.1,14.1,14.8,15.1,15.3,15.1,13.8,14.0,14.6,14.5,14.2,14.2,14.0,13.8,13.7,13.5,12.9,12.4,12.9,13.0,12.9,13.0,12.9,13.4,13.6,13.3,13.1,13.3,13.3,13.5,13.2,13.4,13.2,13.3,12.9,13.0,12.7,12.6,12.0,11.9,11.6,11.1,11.0,10.9
27,39,Taux de natalité - Jura,001747910,28/04/2021 15:56,,,,,,,,,,,,,,,,,,,,,,,,,,,,,,,,,,,,,,,,,,,,,,,,,,,,,,,,,,,,,,,,,,,,,,,,,,,,13.6,13.0,13.0,12.5,13.9,14.1,13.8,13.9,12.4,12.9,12.7,12.9,12.5,12.6,12.6,12.9,12.5,12.0,11.8,11.2,11.9,11.3,11.9,11.5,12.5,12.2,12.0,12.1,11.6,11.8,11.4,11.7,11.7,11.7,11.1,10.9,10.6,10.5,10.3,10.1,9.7,9.8,9.2,8.8,9.1,8.7
75,40,Taux de natalité - Landes,001747911,28/04/2021 15:56,,,,,,,,,,,,,,,,,,,,,,,,,,,,,,,,,,,,,,,,,,,,,,,,,,,,,,,,,,,,,,,,,,,,,,,,,,,,11.2,10.9,11.0,10.8,10.9,11.6,11.4,11.2,10.9,10.8,10.8,10.6,10.7,10.9,10.3,10.6,10.1,9.9,9.7,9.8,10.0,9.9,9.8,10.1,10.0,10.8,10.3,10.0,10.0,10.2,9.9,10.3,10.7,10.3,10.3,10.3,9.9,9.8,9.7,9.2,9.1,8.6,8.3,8.2,8.4,8.2
24,41,Taux de natalité - Loir-et-Cher,001747912,28/04/2021 15:56,,,,,,,,,,,,,,,,,,,,,,,,,,,,,,,,,,,,,,,,,,,,,,,,,,,,,,,,,,,,,,,,,,,,,,,,,,,,13.3,12.7,12.8,12.8,12.6,13.1,13.1,12.7,11.9,12.0,11.5,12.1,11.9,11.8,11.7,11.6,11.5,11.0,10.4,11.1,11.5,11.1,11.5,11.3,11.3,11.7,11.3,11.1,11.3,11.4,11.5,11.7,11.5,11.8,11.5,11.4,11.1,11.2,10.8,10.6,10.0,9.6,9.4,9.1,8.9,9.0
84,42,Taux de natalité - Loire,001747913,28/04/2021 15:56,,,,,,,,,,,,,,,,,,,,,,,,,,,,,,,,,,,,,,,,,,,,,,,,,,,,,,,,,,,,,,,,,,,,,,,,,,,,14.3,13.8,14.1,13.7,14.3,14.6,14.4,14.5,13.4,13.4,13.2,13.4,12.7,12.6,12.3,12.4,12.2,12.3,11.1,11.5,11.7,11.8,11.5,11.6,11.9,12.3,12.1,11.9,12.0,12.1,12.1,12.4,12.4,12.6,12.3,12.6,12.5,12.5,12.0,12.1,11.9,11.2,11.0,11.0,11.0,10.5
84,43,Taux de natalité - Haute-Loire,001747914,28/04/2021 15:56,,,,,,,,,,,,,,,,,,,,,,,,,,,,,,,,,,,,,,,,,,,,,,,,,,,,,,,,,,,,,,,,,,,,,,,,,,,,11.6,11.3,11.8,11.4,11.3,12.2,12.6,11.8,11.5,11.2,11.3,11.4,11.1,11.1,10.9,10.5,10.8,10.3,10.1,10.2,10.6,11.0,10.5,10.4,11.3,11.7,11.0,10.8,11.4,11.1,11.4,11.0,10.4,10.8,10.7,10.5,10.2,9.9,9.9,9.5,9.6,8.9,8.8,9.0,8.6,8.3
52,44,Taux de natalité - Loire-Atlantique,001747915,28/04/2021 15:56,,,,,,,,,,,,,,,,,,,,,,,,,,,,,,,,,,,,,,,,,,,,,,,,,,,,,,,,,,,,,,,,,,,,,,,,,,,,16.4,16.0,15.8,15.7,15.9,16.4,16.2,15.7,14.4,14.6,14.5,14.1,13.8,13.8,13.4,13.1,13.2,13.0,12.4,12.2,12.7,12.7,12.8,12.8,13.0,13.8,13.4,13.4,13.2,13.2,13.3,13.3,13.3,13.3,13.2,13.3,12.8,12.7,12.6,12.3,11.9,11.7,11.6,11.4,11.3,11.2
24,45,Taux de natalité - Loiret,001747916,28/04/2021 15:56,,,,,,,,,,,,,,,,,,,,,,,,,,,,,,,,,,,,,,,,,,,,,,,,,,,,,,,,,,,,,,,,,,,,,,,,,,,,14.4,13.5,14.5,14.0,14.7,15.1,15.4,15.3,13.9,14.1,14.0,14.1,14.1,13.8,13.5,13.6,13.6,13.1,12.2,12.4,12.5,12.3,12.6,12.6,12.4,13.2,13.0,13.0,13.0,13.2,12.7,13.4,13.3,13.1,13.0,13.3,13.1,13.1,12.8,12.4,12.1,11.6,11.5,11.5,11.5,11.2
76,46,Taux de natalité - Lot,001747917,28/04/2021 15:56,,,,,,,,,,,,,,,,,,,,,,,,,,,,,,,,,,,,,,,,,,,,,,,,,,,,,,,,,,,,,,,,,,,,,,,,,,,,10.1,10.2,10.3,9.9,10.5,10.9,10.7,11.2,10.1,10.2,9.4,9.6,9.7,10.1,9.8,9.7,9.2,9.4,9.0,8.2,9.1,9.5,9.0,9.2,9.4,9.8,9.6,9.1,9.2,8.5,8.7,9.2,8.8,9.0,8.2,8.6,8.2,8.5,7.7,8.2,7.2,7.4,7.2,7.5,7.1,7.1
75,47,Taux de natalité - Lot-et-Garonne,001747918,28/04/2021 15:56,,,,,,,,,,,,,,,,,,,,,,,,,,,,,,,,,,,,,,,,,,,,,,,,,,,,,,,,,,,,,,,,,,,,,,,,,,,,11.2,10.9,11.0,11.1,11.8,12.3,12.1,11.7,11.6,11.3,11.3,11.5,11.2,11.2,11.1,10.9,10.4,9.9,9.6,9.5,9.9,10.1,10.0,10.3,10.3,10.5,10.2,10.1,10.1,10.2,10.4,10.6,10.4,10.3,10.4,10.1,10.2,10.0,10.1,10.0,9.3,9.3,8.9,8.9,9.0,8.8
76,48,Taux de natalité - Lozère,001747919,28/04/2021 15:56,,,,,,,,,,,,,,,,,,,,,,,,,,,,,,,,,,,,,,,,,,,,,,,,,,,,,,,,,,,,,,,,,,,,,,,,,,,,12.1,11.3,11.5,11.9,12.8,12.7,12.9,12.4,11.5,11.8,10.2,10.8,10.3,10.4,9.9,10.5,9.3,9.7,9.2,9.3,9.7,10.1,10.2,9.9,9.7,10.9,9.8,9.9,10.2,10.2,9.9,10.2,10.2,10.1,10.3,9.5,9.0,9.3,8.7,8.5,9.1,8.6,7.8,7.6,7.5,6.9
52,49,Taux de natalité - Maine-et-Loire,001747920,28/04/2021 15:56,,,,,,,,,,,,,,,,,,,,,,,,,,,,,,,,,,,,,,,,,,,,,,,,,,,,,,,,,,,,,,,,,,,,,,,,,,,,17.4,16.5,17.2,16.5,17.1,18.0,17.7,17.1,15.3,15.3,15.4,15.2,14.4,14.3,13.7,13.7,13.1,12.8,12.4,12.3,12.7,12.9,12.7,12.9,12.9,14.1,13.6,13.1,13.3,13.3,13.3,13.7,13.2,13.2,13.0,13.1,13.0,12.6,12.5,12.1,11.6,11.2,11.0,10.7,10.4,10.2
28,50,Taux de natalité - Manche,001747921,28/04/2021 15:56,,,,,,,,,,,,,,,,,,,,,,,,,,,,,,,,,,,,,,,,,,,,,,,,,,,,,,,,,,,,,,,,,,,,,,,,,,,,14.6,13.8,14.1,13.7,14.7,14.9,15.2,14.5,14.0,14.4,14.3,14.4,14.4,13.8,13.8,13.0,12.9,13.1,11.8,12.0,12.2,12.2,11.7,12.1,12.0,12.0,11.8,11.5,11.2,11.2,11.3,11.0,10.8,10.8,10.5,10.5,10.4,10.6,10.0,9.8,9.7,9.2,8.9,8.7,8.9,8.7
44,51,Taux de natalité - Marne,001747922,28/04/2021 15:56,,,,,,,,,,,,,,,,,,,,,,,,,,,,,,,,,,,,,,,,,,,,,,,,,,,,,,,,,,,,,,,,,,,,,,,,,,,,16.0,15.2,15.9,15.7,15.9,16.6,16.6,16.2,14.8,14.9,14.9,15.6,14.8,14.5,14.7,13.8,13.5,13.2,12.9,12.5,12.9,12.7,12.5,12.8,12.8,13.4,13.2,12.5,12.2,12.3,12.6,12.6,12.2,12.5,12.5,12.7,12.5,11.9,12.3,12.0,11.6,11.2,10.7,10.7,10.8,10.4
44,52,Taux de natalité - Haute-Marne,001747923,28/04/2021 15:56,,,,,,,,,,,,,,,,,,,,,,,,,,,,,,,,,,,,,,,,,,,,,,,,,,,,,,,,,,,,,,,,,,,,,,,,,,,,14.5,14.4,14.8,14.9,14.7,15.7,15.9,15.7,14.2,14.4,14.3,14.0,13.6,13.9,13.4,13.5,12.8,12.5,11.6,10.9,11.6,11.6,12.1,11.7,11.8,12.3,11.3,11.4,11.0,11.1,10.8,11.2,11.0,11.0,10.5,10.3,10.5,10.2,10.6,10.5,9.7,9.1,8.9,8.7,8.3,8.2
52,53,Taux de natalité - Mayenne,001747924,28/04/2021 15:56,,,,,,,,,,,,,,,,,,,,,,,,,,,,,,,,,,,,,,,,,,,,,,,,,,,,,,,,,,,,,,,,,,,,,,,,,,,,16.6,15.5,15.3,15.5,15.6,16.2,16.1,15.1,13.9,14.3,13.9,13.9,13.7,13.5,13.0,13.0,12.9,12.3,11.9,11.8,12.6,13.0,12.3,13.0,13.3,14.5,13.5,13.5,13.1,13.3,13.4,13.7,12.7,12.9,12.7,12.9,12.2,12.2,11.9,11.2,10.9,10.5,9.8,9.9,9.8,9.7
44,54,Taux de natalité - Meurthe-et-Moselle,001747925,28/04/2021 15:56,,,,,,,,,,,,,,,,,,,,,,,,,,,,,,,,,,,,,,,,,,,,,,,,,,,,,,,,,,,,,,,,,,,,,,,,,,,,15.0,14.5,14.9,14.6,15.1,15.4,16.0,15.5,14.1,14.0,14.5,14.6,14.1,14.1,13.7,13.6,13.2,12.7,12.0,11.8,12.1,12.3,11.8,12.1,11.9,12.3,12.2,11.9,11.6,12.0,11.8,12.0,11.6,11.7,11.6,11.6,11.6,11.5,11.2,11.1,10.6,10.6,10.2,9.7,9.6,9.3
44,55,Taux de natalité - Meuse,001747926,28/04/2021 15:56,,,,,,,,,,,,,,,,,,,,,,,,,,,,,,,,,,,,,,,,,,,,,,,,,,,,,,,,,,,,,,,,,,,,,,,,,,,,14.8,14.2,14.0,13.6,14.0,14.6,15.5,15.0,14.3,14.4,14.8,14.4,13.5,13.6,13.1,13.2,13.0,12.0,11.3,11.5,11.9,11.6,12.6,11.9,12.2,12.6,12.2,11.6,11.5,11.8,11.1,11.8,11.8,11.4,10.9,11.5,11.0,10.9,10.8,10.1,9.9,9.3,9.3,8.8,8.5,8.4
53,56,Taux de natalité - Morbihan,001747927,28/04/2021 15:56,,,,,,,,,,,,,,,,,,,,,,,,,,,,,,,,,,,,,,,,,,,,,,,,,,,,,,,,,,,,,,,,,,,,,,,,,,,,14.7,14.1,13.8,14.2,14.9,15.0,15.0,14.7,13.5,13.6,13.4,14.0,13.2,13.0,12.7,12.4,12.1,11.8,11.2,11.2,11.8,11.6,11.4,11.4,11.7,12.0,11.9,11.7,11.6,11.8,11.3,11.8,11.3,11.6,11.0,11.1,10.8,10.8,10.3,10.2,9.5,9.3,9.0,8.8,8.8,8.5
44,57,Taux de natalité - Moselle,001747928,28/04/2021 15:56,,,,,,,,,,,,,,,,,,,,,,,,,,,,,,,,,,,,,,,,,,,,,,,,,,,,,,,,,,,,,,,,,,,,,,,,,,,,14.5,14.1,14.4,14.2,14.6,15.5,15.9,15.6,14.3,14.9,14.9,15.2,14.6,14.2,13.8,13.5,13.3,12.8,12.1,11.9,11.9,12.1,11.7,11.9,11.6,11.9,11.8,11.6,11.3,11.6,11.6,11.7,11.4,11.5,11.3,11.3,11.0,11.1,10.9,10.9,10.5,10.3,10.1,9.8,9.8,9.3
27,58,Taux de natalité - Nièvre,001747929,28/04/2021 15:56,,,,,,,,,,,,,,,,,,,,,,,,,,,,,,,,,,,,,,,,,,,,,,,,,,,,,,,,,,,,,,,,,,,,,,,,,,,,11.6,11.2,11.7,11.0,11.2,11.8,12.0,11.7,11.0,11.2,11.1,11.1,11.0,10.7,10.9,10.4,10.3,10.1,9.8,9.7,9.8,9.8,9.6,9.5,10.0,9.8,9.9,9.6,9.5,9.8,9.5,9.6,9.7,9.3,9.0,9.0,9.2,9.0,8.6,8.5,8.4,8.0,7.9,8.1,7.5,7.4
32,59,Taux de natalité - Nord,001747930,28/04/2021 15:56,,,,,,,,,,,,,,,,,,,,,,,,,,,,,,,,,,,,,,,,,,,,,,,,,,,,,,,,,,,,,,,,,,,,,,,,,,,,17.3,16.4,16.7,16.6,17.1,17.9,18.1,17.9,16.3,16.8,16.9,17.1,16.6,16.3,15.8,15.4,15.2,14.6,14.0,14.0,14.3,14.2,14.1,14.2,14.2,14.7,14.5,14.4,14.1,14.1,14.0,14.4,14.2,14.2,14.2,14.2,14.2,14.1,14.0,13.8,13.3,12.9,12.4,12.1,11.9,11.6
32,60,Taux de natalité - Oise,001747931,28/04/2021 15:56,,,,,,,,,,,,,,,,,,,,,,,,,,,,,,,,,,,,,,,,,,,,,,,,,,,,,,,,,,,,,,,,,,,,,,,,,,,,15.8,15.0,15.7,15.1,15.4,16.1,16.4,16.1,14.6,15.0,15.2,15.4,15.3,15.3,15.2,15.3,14.8,14.5,13.8,13.5,13.9,13.8,13.9,13.7,14.1,14.2,14.3,13.9,13.7,13.5,13.6,14.0,13.9,13.9,13.7,13.6,13.7,13.5,13.2,13.2,12.9,12.3,12.1,11.6,11.5,11.2
28,61,Taux de natalité - Orne,001747932,28/04/2021 15:56,,,,,,,,,,,,,,,,,,,,,,,,,,,,,,,,,,,,,,,,,,,,,,,,,,,,,,,,,,,,,,,,,,,,,,,,,,,,14.8,13.8,14.3,14.2,14.6,15.1,15.0,14.6,13.5,13.3,13.4,13.2,12.9,12.5,12.2,12.2,12.0,11.7,11.5,11.5,11.8,11.6,11.6,12.0,11.6,12.2,12.0,11.5,11.3,11.1,10.6,11.2,11.3,10.9,11.1,10.9,10.7,10.1,9.8,9.8,9.4,9.3,8.8,8.7,8.4,8.4
32,62,Taux de natalité - Pas-de-Calais,001747933,28/04/2021 15:56,,,,,,,,,,,,,,,,,,,,,,,,,,,,,,,,,,,,,,,,,,,,,,,,,,,,,,,,,,,,,,,,,,,,,,,,,,,,16.4,15.3,15.6,15.5,15.8,16.5,17.1,17.0,15.8,16.2,16.4,16.5,16.0,15.3,14.8,14.5,14.1,13.7,13.0,12.9,13.3,13.4,13.1,13.5,13.5,13.9,13.9,13.4,13.0,13.3,13.4,13.6,13.5,13.6,13.5,13.5,13.5,13.0,13.0,12.8,12.0,11.6,11.3,10.7,10.7,10.5
84,63,Taux de natalité - Puy-de-Dôme,001747934,28/04/2021 15:56,,,,,,,,,,,,,,,,,,,,,,,,,,,,,,,,,,,,,,,,,,,,,,,,,,,,,,,,,,,,,,,,,,,,,,,,,,,,13.3,12.6,12.8,12.8,13.1,13.5,13.3,12.9,12.2,12.2,11.8,11.9,11.5,11.5,11.2,11.1,11.0,10.5,9.9,9.8,10.0,10.2,10.4,10.4,10.7,10.9,10.9,10.4,10.7,10.7,10.8,11.0,11.0,10.9,10.7,11.2,10.7,10.8,10.4,10.7,10.2,10.0,9.9,9.9,9.7,9.3
75,64,Taux de natalité - Pyrénées-Atlantiques,001747935,28/04/2021 15:56,,,,,,,,,,,,,,,,,,,,,,,,,,,,,,,,,,,,,,,,,,,,,,,,,,,,,,,,,,,,,,,,,,,,,,,,,,,,11.6,11.4,11.8,11.5,11.8,12.3,12.5,11.9,11.3,11.4,11.2,11.3,11.2,11.1,11.0,10.9,10.8,10.7,10.2,10.1,10.4,10.3,10.3,10.2,10.6,10.9,10.5,10.3,10.3,10.1,10.1,10.4,9.7,9.9,10.2,10.0,9.8,9.8,9.4,9.7,9.3,9.1,8.8,8.6,8.6,8.7
76,65,Taux de natalité - Hautes-Pyrénées,001747936,28/04/2021 15:56,,,,,,,,,,,,,,,,,,,,,,,,,,,,,,,,,,,,,,,,,,,,,,,,,,,,,,,,,,,,,,,,,,,,,,,,,,,,10.2,10.2,10.3,10.2,10.0,11.4,11.1,11.2,10.5,10.1,10.3,10.2,10.2,10.4,10.1,10.4,10.4,10.0,9.4,9.1,9.6,9.7,9.7,9.9,10.0,10.1,10.0,9.6,9.5,9.6,9.2,10.0,9.9,9.1,9.4,9.4,9.2,9.6,9.0,9.2,8.7,8.4,8.3,7.9,8.0,8.3
76,66,Taux de natalité - Pyrénées-Orientales,001747937,28/04/2021 15:56,,,,,,,,,,,,,,,,,,,,,,,,,,,,,,,,,,,,,,,,,,,,,,,,,,,,,,,,,,,,,,,,,,,,,,,,,,,,10.4,10.4,10.8,10.3,10.5,11.9,11.8,11.4,11.0,11.0,11.4,11.6,11.2,11.0,11.1,10.8,10.8,10.7,10.5,10.1,10.7,10.7,10.4,10.5,10.2,9.8,11.1,10.8,10.7,10.2,10.6,11.0,10.6,10.7,10.8,10.8,10.6,10.7,10.6,10.2,10.0,9.4,9.3,9.1,9.0,9.0
44,67,Taux de natalité - Bas-Rhin,001747938,28/04/2021 15:56,,,,,,,,,,,,,,,,,,,,,,,,,,,,,,,,,,,,,,,,,,,,,,,,,,,,,,,,,,,,,,,,,,,,,,,,,,,,13.7,13.3,13.4,13.6,14.0,14.8,15.0,14.7,13.5,13.7,13.9,13.7,13.7,14.1,13.9,14.2,14.0,13.9,13.1,12.7,13.1,12.8,12.7,12.9,12.9,13.2,12.8,12.3,12.3,12.0,12.3,12.4,12.1,12.1,12.1,12.2,11.8,11.6,11.7,11.9,11.2,11.1,10.9,10.7,10.5,10.3
44,68,Taux de natalité - Haut-Rhin,001747939,28/04/2021 15:56,,,,,,,,,,,,,,,,,,,,,,,,,,,,,,,,,,,,,,,,,,,,,,,,,,,,,,,,,,,,,,,,,,,,,,,,,,,,14.2,13.7,14.0,13.7,14.3,15.1,15.1,15.2,14.1,14.5,14.4,14.5,14.3,14.6,14.3,14.0,13.8,13.7,12.9,12.7,13.0,12.8,12.7,12.7,12.8,12.9,12.8,12.4,12.5,12.3,12.1,12.6,12.0,11.9,11.9,12.2,11.8,11.6,11.5,11.6,11.3,10.9,10.7,10.5,10.1,9.9
84,69,Taux de natalité - Rhône,001747940,28/04/2021 15:56,,,,,,,,,,,,,,,,,,,,,,,,,,,,,,,,,,,,,,,,,,,,,,,,,,,,,,,,,,,,,,,,,,,,,,,,,,,,15.0,14.7,15.0,15.1,15.2,16.2,16.3,16.1,15.0,14.9,15.1,15.1,14.7,15.1,14.9,14.9,14.9,14.7,14.0,14.1,14.3,14.4,14.2,13.9,13.9,14.4,14.3,14.4,14.3,14.4,14.6,14.8,14.5,14.8,14.9,15.0,14.8,14.8,14.5,14.7,14.5,14.2,13.9,13.7,13.4,12.9
27,70,Taux de natalité - Haute-Saône,001747941,28/04/2021 15:56,,,,,,,,,,,,,,,,,,,,,,,,,,,,,,,,,,,,,,,,,,,,,,,,,,,,,,,,,,,,,,,,,,,,,,,,,,,,14.2,13.6,13.8,13.7,14.3,15.4,14.7,14.9,13.4,13.4,13.5,13.5,12.9,13.1,12.7,11.9,11.9,12.1,11.0,10.4,11.4,11.7,11.1,12.0,11.6,12.5,12.1,11.8,11.5,11.8,12.0,12.6,12.1,11.5,11.6,11.5,11.0,10.9,10.5,10.3,10.0,9.6,9.3,9.0,8.7,8.4
27,71,Taux de natalité - Saône-et-Loire,001747942,28/04/2021 15:56,,,,,,,,,,,,,,,,,,,,,,,,,,,,,,,,,,,,,,,,,,,,,,,,,,,,,,,,,,,,,,,,,,,,,,,,,,,,13.6,12.8,12.9,12.7,12.9,13.5,13.5,13.2,12.3,12.3,11.9,12.3,11.9,11.8,12.0,11.4,11.3,10.8,10.4,10.5,10.4,10.6,10.5,10.6,10.5,11.0,11.0,10.3,10.4,10.4,10.5,10.7,10.4,10.6,10.5,10.6,10.5,10.4,9.9,10.0,9.7,9.2,9.0,8.8,8.6,8.5
52,72,Taux de natalité - Sarthe,001747943,28/04/2021 15:56,,,,,,,,,,,,,,,,,,,,,,,,,,,,,,,,,,,,,,,,,,,,,,,,,,,,,,,,,,,,,,,,,,,,,,,,,,,,15.5,14.4,14.2,14.2,14.1,14.7,14.7,14.3,13.0,13.4,13.4,13.1,13.3,13.2,12.6,12.9,12.8,12.8,11.7,12.2,12.2,12.3,12.3,12.3,12.3,12.9,12.9,12.3,12.6,12.7,12.3,12.8,12.2,12.3,12.4,12.3,12.0,11.8,11.7,11.7,10.9,10.7,10.3,10.0,10.2,9.9
84,73,Taux de natalité - Savoie,001747944,28/04/2021 15:56,,,,,,,,,,,,,,,,,,,,,,,,,,,,,,,,,,,,,,,,,,,,,,,,,,,,,,,,,,,,,,,,,,,,,,,,,,,,13.7,12.8,13.7,13.2,13.6,14.2,14.1,14.1,13.1,13.0,13.1,13.2,13.1,13.3,13.6,13.2,13.2,12.8,12.0,11.8,12.1,12.6,12.0,11.8,12.1,12.6,12.5,12.0,12.0,12.0,12.0,12.1,12.3,12.1,11.8,12.2,11.7,11.3,11.2,11.2,10.9,10.5,10.4,10.4,10.1,9.8
84,74,Taux de natalité - Haute-Savoie,001747945,28/04/2021 15:56,,,,,,,,,,,,,,,,,,,,,,,,,,,,,,,,,,,,,,,,,,,,,,,,,,,,,,,,,,,,,,,,,,,,,,,,,,,,14.4,14.3,14.7,14.2,14.6,15.2,15.3,14.8,14.2,14.1,14.0,14.4,14.2,14.5,14.2,14.8,14.6,14.0,13.5,13.1,13.6,13.8,12.9,13.0,13.1,13.8,13.0,13.1,13.2,12.8,13.0,13.0,12.6,12.9,12.7,12.8,12.6,12.9,12.7,12.7,12.6,12.1,11.8,12.1,11.9,11.6
11,75,Taux de natalité - Paris,001747946,28/04/2021 15:56,,,,,,,,,,,,,,,,,,,,,,,,,,,,,,,,,,,,,,,,,,,,,,,,,,,,,,,,,,,,,,,,,,,,,,,,,,,,13.6,13.4,13.8,13.8,13.8,14.7,14.7,14.8,14.7,14.7,14.9,14.8,14.6,14.8,14.5,14.7,14.8,14.5,14.1,14.0,14.1,14.3,14.1,14.4,14.7,15.0,14.9,15.0,14.6,14.7,14.4,14.5,14.0,13.8,13.9,14.0,13.4,13.1,13.0,13.2,12.9,13.0,12.6,12.6,12.7,12.2
28,76,Taux de natalité - Seine-Maritime,001747947,28/04/2021 15:56,,,,,,,,,,,,,,,,,,,,,,,,,,,,,,,,,,,,,,,,,,,,,,,,,,,,,,,,,,,,,,,,,,,,,,,,,,,,15.8,14.9,15.2,15.1,15.7,16.5,16.9,17.0,15.6,15.9,16.3,16.0,15.5,15.0,14.9,14.4,14.4,13.9,13.1,13.1,13.3,13.1,13.2,13.1,13.0,13.4,13.3,12.5,12.8,12.6,12.6,12.9,12.9,12.8,12.8,13.1,12.9,12.8,12.4,12.1,12.0,11.7,11.4,11.3,11.2,10.8
11,77,Taux de natalité - Seine-et-Marne,001747948,28/04/2021 15:56,,,,,,,,,,,,,,,,,,,,,,,,,,,,,,,,,,,,,,,,,,,,,,,,,,,,,,,,,,,,,,,,,,,,,,,,,,,,14.8,14.5,15.2,14.2,14.9,15.5,15.6,15.3,14.3,14.6,14.9,15.5,15.3,15.5,15.2,15.3,15.2,14.6,14.0,13.6,14.1,14.3,14.0,14.4,14.2,14.8,14.4,14.4,14.1,14.1,14.5,14.8,14.6,14.7,14.7,14.8,14.7,14.5,14.1,14.2,13.8,13.5,13.3,13.0,13.1,12.8
11,78,Taux de natalité - Yvelines,001747949,28/04/2021 15:56,,,,,,,,,,,,,,,,,,,,,,,,,,,,,,,,,,,,,,,,,,,,,,,,,,,,,,,,,,,,,,,,,,,,,,,,,,,,16.1,15.9,16.7,16.4,16.1,16.7,16.5,16.3,15.2,15.5,15.6,15.9,15.6,15.8,15.5,15.5,15.5,15.1,14.6,14.5,14.6,14.4,14.3,14.6,14.3,14.9,14.5,14.3,14.4,14.0,14.2,14.6,14.2,14.1,14.1,14.4,14.1,14.0,14.0,13.7,13.4,13.2,12.9,12.8,12.8,12.5
75,79,Taux de natalité - Deux-Sèvres,001747950,28/04/2021 15:56,,,,,,,,,,,,,,,,,,,,,,,,,,,,,,,,,,,,,,,,,,,,,,,,,,,,,,,,,,,,,,,,,,,,,,,,,,,,14.5,13.4,13.9,13.3,13.4,14.0,13.8,13.6,12.5,12.2,12.6,12.6,11.8,11.2,11.8,11.3,11.2,10.7,10.5,10.3,10.9,10.9,10.7,11.2,11.3,11.7,11.3,11.2,11.3,11.5,11.7,11.2,11.1,11.8,11.3,11.0,10.8,10.8,10.7,9.9,9.5,9.7,9.0,9.0,8.9,8.4
32,80,Taux de natalité - Somme,001747951,28/04/2021 15:56,,,,,,,,,,,,,,,,,,,,,,,,,,,,,,,,,,,,,,,,,,,,,,,,,,,,,,,,,,,,,,,,,,,,,,,,,,,,15.8,15.1,15.2,14.8,14.6,15.8,15.7,15.5,14.0,14.1,14.5,14.9,14.5,14.1,14.0,13.7,13.7,13.0,12.5,12.1,12.3,12.5,12.4,12.9,13.0,13.3,13.3,12.5,12.7,12.5,12.5,12.4,12.2,12.5,12.0,12.4,12.2,12.0,11.8,11.4,11.0,10.7,10.4,10.1,9.8,9.6
76,81,Taux de natalité - Tarn,001747952,28/04/2021 15:56,,,,,,,,,,,,,,,,,,,,,,,,,,,,,,,,,,,,,,,,,,,,,,,,,,,,,,,,,,,,,,,,,,,,,,,,,,,,11.6,11.3,11.7,11.2,11.5,11.9,11.9,11.8,10.9,11.3,10.9,10.8,10.4,11.0,10.8,10.8,10.4,10.3,9.7,9.5,9.8,10.0,10.0,9.9,9.6,10.8,10.1,10.2,10.0,10.0,10.6,10.7,10.4,10.9,10.8,10.4,10.6,10.4,10.0,9.9,9.5,9.3,8.8,8.4,8.6,8.3
76,82,Taux de natalité - Tarn-et-Garonne,001747953,28/04/2021 15:56,,,,,,,,,,,,,,,,,,,,,,,,,,,,,,,,,,,,,,,,,,,,,,,,,,,,,,,,,,,,,,,,,,,,,,,,,,,,11.5,11.0,11.0,11.0,11.4,11.7,11.6,11.3,10.5,11.0,10.7,11.6,10.9,11.5,11.3,11.3,11.3,11.0,10.3,10.3,11.0,11.2,10.7,11.0,10.7,11.3,11.6,11.2,11.0,11.7,11.5,12.3,12.2,12.3,12.2,12.0,12.1,11.8,11.2,11.1,11.0,10.4,10.4,9.8,9.8,9.4
93,83,Taux de natalité - Var,001747954,28/04/2021 15:56,,,,,,,,,,,,,,,,,,,,,,,,,,,,,,,,,,,,,,,,,,,,,,,,,,,,,,,,,,,,,,,,,,,,,,,,,,,,11.2,11.4,11.6,11.7,12.1,12.9,12.7,13.1,12.4,12.6,12.4,12.6,12.6,12.9,12.7,12.6,12.2,12.3,11.2,11.5,11.7,11.6,11.4,11.4,11.4,11.3,11.5,11.1,10.9,11.0,10.9,11.0,11.0,11.1,10.9,11.0,11.0,11.0,10.6,10.7,10.2,10.1,9.9,9.6,9.8,9.5
93,84,Taux de natalité - Vaucluse,001747955,28/04/2021 15:56,,,,,,,,,,,,,,,,,,,,,,,,,,,,,,,,,,,,,,,,,,,,,,,,,,,,,,,,,,,,,,,,,,,,,,,,,,,,12.5,11.8,12.5,12.6,13.2,13.9,13.8,13.6,13.1,13.1,13.8,13.8,13.7,13.7,13.7,13.4,13.4,13.1,12.5,12.3,12.8,12.8,12.6,12.4,12.5,12.4,12.4,12.3,12.6,12.6,12.4,12.7,12.4,13.0,13.0,12.8,12.8,13.0,13.0,12.7,12.3,11.8,11.5,11.4,11.3,11.1
52,85,Taux de natalité - Vendée,001747956,28/04/2021 15:56,,,,,,,,,,,,,,,,,,,,,,,,,,,,,,,,,,,,,,,,,,,,,,,,,,,,,,,,,,,,,,,,,,,,,,,,,,,,16.0,15.2,15.2,15.2,15.4,15.8,15.8,15.3,13.7,13.5,13.2,13.2,12.9,12.3,12.2,12.0,11.8,11.2,10.6,10.6,11.0,11.4,11.2,11.0,11.4,12.2,11.9,11.9,12.0,12.1,12.3,12.6,12.5,12.3,12.2,11.9,11.5,11.4,10.9,10.6,10.1,9.4,9.1,9.0,8.7,8.6
75,86,Taux de natalité - Vienne,001747957,28/04/2021 15:56,,,,,,,,,,,,,,,,,,,,,,,,,,,,,,,,,,,,,,,,,,,,,,,,,,,,,,,,,,,,,,,,,,,,,,,,,,,,13.4,12.4,13.3,12.8,12.8,13.8,13.5,13.0,12.2,12.1,12.0,11.9,11.6,11.6,11.2,10.9,11.1,10.2,10.1,10.2,10.4,11.1,10.8,11.0,11.3,11.1,11.6,11.2,11.2,11.0,11.3,11.5,11.2,11.5,11.6,11.7,11.4,11.3,10.9,10.8,10.2,9.8,9.5,9.2,9.3,9.2
75,87,Taux de natalité - Haute-Vienne,001747958,28/04/2021 15:56,,,,,,,,,,,,,,,,,,,,,,,,,,,,,,,,,,,,,,,,,,,,,,,,,,,,,,,,,,,,,,,,,,,,,,,,,,,,10.8,10.6,10.7,10.6,10.7,11.1,11.1,10.5,10.3,10.1,9.9,9.6,10.1,9.9,9.7,9.5,9.4,9.1,8.8,8.7,9.3,9.3,9.1,9.4,9.4,10.3,10.2,10.0,9.5,10.1,10.5,10.2,10.3,10.4,10.6,10.2,10.4,10.2,9.9,9.9,9.7,9.1,9.0,8.9,9.2,8.9
44,88,Taux de natalité - Vosges,001747959,28/04/2021 15:56,,,,,,,,,,,,,,,,,,,,,,,,,,,,,,,,,,,,,,,,,,,,,,,,,,,,,,,,,,,,,,,,,,,,,,,,,,,,14.9,14.1,14.4,14.1,14.3,15.3,15.6,15.1,13.7,13.4,14.1,13.6,13.8,13.1,13.2,12.6,13.0,12.5,11.8,11.9,12.2,11.9,11.9,12.0,11.9,12.0,11.7,11.4,11.3,11.2,11.3,11.6,11.2,11.1,11.2,10.7,10.3,9.9,10.1,9.9,9.4,9.0,8.8,8.8,8.6,8.3
27,89,Taux de natalité - Yonne,001747960,28/04/2021 15:56,,,,,,,,,,,,,,,,,,,,,,,,,,,,,,,,,,,,,,,,,,,,,,,,,,,,,,,,,,,,,,,,,,,,,,,,,,,,13.4,12.5,13.3,12.7,13.3,14.0,13.8,13.8,12.6,12.9,12.8,12.8,12.9,12.4,12.7,12.4,12.0,11.4,11.0,11.1,11.7,11.7,11.5,11.6,11.8,12.0,11.6,11.4,11.0,11.4,11.3,11.5,11.5,11.8,11.6,11.2,10.8,10.9,11.1,10.6,10.8,10.0,9.4,9.5,9.5,9.3
27,90,Taux de natalité - Territoire de Belfort,001747961,28/04/2021 15:56,,,,,,,,,,,,,,,,,,,,,,,,,,,,,,,,,,,,,,,,,,,,,,,,,,,,,,,,,,,,,,,,,,,,,,,,,,,,14.8,15.1,15.7,14.7,15.3,16.2,16.1,16.1,14.7,15.1,14.8,14.9,13.7,14.0,13.1,13.5,13.7,13.7,13.2,12.5,13.4,13.3,12.5,12.7,13.1,13.7,12.8,12.9,13.6,12.6,13.0,13.3,13.2,12.8,12.8,12.6,12.5,12.2,11.6,11.8,11.1,11.1,10.9,10.8,10.3,10.0
11,91,Taux de natalité - Essonne,001747962,28/04/2021 15:56,,,,,,,,,,,,,,,,,,,,,,,,,,,,,,,,,,,,,,,,,,,,,,,,,,,,,,,,,,,,,,,,,,,,,,,,,,,,15.6,15.3,15.8,15.1,15.3,15.9,15.4,15.2,14.3,14.8,15.0,15.3,15.3,15.4,15.4,15.3,15.3,15.1,14.6,14.5,14.6,14.8,14.6,14.6,14.6,15.0,14.8,14.5,14.6,14.9,14.9,15.2,14.9,15.0,14.9,15.2,15.0,14.9,14.7,14.9,14.9,14.4,14.4,14.3,14.2,14.0
11,92,Taux de natalité - Hauts-de-Seine,001747963,28/04/2021 15:56,,,,,,,,,,,,,,,,,,,,,,,,,,,,,,,,,,,,,,,,,,,,,,,,,,,,,,,,,,,,,,,,,,,,,,,,,,,,14.3,14.1,14.6,14.6,14.9,15.7,15.5,15.6,15.2,15.3,15.3,15.4,15.3,15.9,16.0,15.9,16.1,15.8,15.7,15.6,16.1,16.3,16.2,16.0,16.4,17.0,16.8,16.6,16.4,16.3,16.1,16.5,16.1,16.2,16.1,16.0,15.8,15.6,15.4,15.4,15.0,14.8,14.3,14.1,13.7,13.2
11,93,Taux de natalité - Seine-Saint-Denis,001747964,28/04/2021 15:56,,,,,,,,,,,,,,,,,,,,,,,,,,,,,,,,,,,,,,,,,,,,,,,,,,,,,,,,,,,,,,,,,,,,,,,,,,,,15.7,15.4,16.4,16.1,16.5,17.6,17.7,17.6,16.8,17.1,17.3,17.6,17.4,17.8,17.9,17.7,17.9,17.1,16.6,16.5,16.4,16.1,16.0,16.9,17.2,17.9,17.8,17.9,17.8,17.9,18.0,18.6,18.4,18.6,18.6,18.7,18.5,18.6,18.4,18.6,18.3,18.0,17.8,17.5,17.2,16.6
11,94,Taux de natalité - Val-de-Marne,001747965,28/04/2021 15:56,,,,,,,,,,,,,,,,,,,,,,,,,,,,,,,,,,,,,,,,,,,,,,,,,,,,,,,,,,,,,,,,,,,,,,,,,,,,15.0,14.8,15.2,14.7,14.9,15.6,15.6,15.3,14.4,14.8,14.9,15.0,15.4,15.8,15.5,15.7,15.7,15.6,15.1,15.0,15.1,15.3,15.3,15.4,15.4,15.9,15.5,15.5,15.4,15.5,15.4,16.1,15.6,15.8,15.9,16.1,15.7,15.6,15.3,15.8,15.3,14.9,14.9,14.5,14.5,13.8
11,95,Taux de natalité - Val-d'Oise,001747966,28/04/2021 15:56,,,,,,,,,,,,,,,,,,,,,,,,,,,,,,,,,,,,,,,,,,,,,,,,,,,,,,,,,,,,,,,,,,,,,,,,,,,,15.5,14.8,15.7,15.3,15.5,16.7,16.7,16.5,15.5,16.1,16.3,16.9,16.6,16.7,16.6,16.5,16.4,15.8,15.3,14.9,15.2,14.7,14.6,14.6,15.0,15.6,15.4,15.2,15.3,15.6,15.6,16.4,16.0,16.1,16.0,16.6,16.5,16.4,16.3,16.3,16.1,16.1,15.9,15.7,15.8,15.1
1,971,Taux de natalité - Guadeloupe,001747967,28/04/2021 15:56,,,,,,,,,,,,,,,,,,,,,,,,,,,,,,,,,,,,,,,,,,,,,,,,,,,,,,,,,,,,,,,,,,,,,,,,,,,,,,,,,,,,,,,,,,,,,,,,,,,14.9,16.8,17.1,17.1,15.5,15.4,15.9,16.3,15.5,15.1,14.3,13.6,13.2,13.3,13.0,12.6,12.5,11.9,11.9,10.6,11.0,12.1,12.4
2,972,Taux de natalité - Martinique,001747968,28/04/2021 15:56,,,,,,,,,,,,,,,,,,,,,,,,,,,,,,,,,,,,,,,,,,,,,,,,,,,,,,,,,,,,,,,,,,,,,,,,,,,,,,,,,,,,,,,,,,,,,,,,,,,15.3,15.1,15.3,14.9,13.8,13.8,13.3,12.7,13.5,13.4,13.4,13.1,12.4,11.5,11.5,10.7,11.4,10.5,10.1,9.8,10.0,10.4,9.9
3,973,Taux de natalité - Guyane,001747969,28/04/2021 15:56,,,,,,,,,,,,,,,,,,,,,,,,,,,,,,,,,,,,,,,,,,,,,,,,,,,,,,,,,,,,,,,,,,,,,,,,,,,,,,,,,,,,,,,,,,,,,,,,,,,30.7,30.9,31.1,29.8,29.2,29.4,27.1,29.6,30.0,29.5,28.2,27.2,26.1,26.2,27.3,26.1,25.7,25.7,27.0,29.6,28.6,28.4,27.5
4,974,Taux de natalité - La Réunion,001747970,28/04/2021 15:56,,,,,,,,,,,,,,,,,,,,,,,,,,,,,,,,,,,,,,,,,,,,,,,,,,,,,,,,,,,,,,,,,,,,,,,,,,,,,,,,,,,,,,,,,,,,22.9,22.6,20.9,20.4,19.7,19.3,20.0,19.4,19.4,20.5,19.8,19.1,19.1,19.0,19.0,18.4,18.5,18.4,17.5,17.1,17.0,17.1,16.7,16.6,16.4,16.1,16.0,15.6,15.4,15.4
6,976,Taux de natalité - Mayotte,001773491,28/04/2021 15:56,,,,,,,,,,,,,,,,,,,,,,,,,,,,,,,,,,,,,,,,,,,,,,,,,,,,,,,,,,,,,,,,,,,,,,,,,,,,,,,,,,,,,,,,,,,,,,,,,,,,,,,,,,,,,,,,,,,32.1,38.0,38.7,38.3,36.3,35.6,35.2
##,##,Taux de natalité - Île-de-France,001747971,28/04/2021 15:56,,,,,,,,,,,,,,,,,,,,,,,,,,,,,,,,,,,,,,,,,,,,,,,,,,,,,,,,,,,,,,,,,,,,,,,,,,,,14.9,14.6,15.2,14.9,15.1,15.9,15.8,15.8,15.0,15.3,15.5,15.7,15.6,15.9,15.8,15.8,15.8,15.4,15.0,14.8,15.0,15.0,14.9,15.1,15.2,15.7,15.5,15.5,15.3,15.4,15.4,15.8,15.4,15.4,15.4,15.6,15.3,15.2,15.0,15.2,14.9,14.7,14.4,14.3,14.2,13.7
##,##,Taux de natalité - Centre-Val-de-Loire,001747975,28/04/2021 15:56,,,,,,,,,,,,,,,,,,,,,,,,,,,,,,,,,,,,,,,,,,,,,,,,,,,,,,,,,,,,,,,,,,,,,,,,,,,,13.7,13.0,13.4,13.1,13.2,13.8,14.0,13.8,12.7,12.9,12.9,13.0,12.8,12.8,12.5,12.5,12.4,11.9,11.2,11.4,11.7,11.5,11.6,11.8,11.8,12.3,12.0,11.9,11.8,11.9,11.9,12.1,11.8,12.0,11.8,12.0,11.7,11.7,11.3,11.3,10.7,10.6,10.2,10.1,10.1,9.9
##,##,Taux de natalité - Bourgogne-Franche-Comté,001747993,28/04/2021 15:56,,,,,,,,,,,,,,,,,,,,,,,,,,,,,,,,,,,,,,,,,,,,,,,,,,,,,,,,,,,,,,,,,,,,,,,,,,,,14.3,13.6,14.1,13.6,14.1,14.7,14.5,14.4,13.2,13.3,13.2,13.3,12.9,12.8,12.7,12.4,12.3,11.9,11.3,11.3,11.6,11.7,11.5,11.6,11.7,12.0,11.7,11.5,11.5,11.6,11.5,11.8,11.6,11.6,11.4,11.4,11.2,11.1,10.8,10.7,10.4,10.1,9.8,9.6,9.3,9.2
##,##,Taux de natalité - Normandie,001747994,28/04/2021 15:56,,,,,,,,,,,,,,,,,,,,,,,,,,,,,,,,,,,,,,,,,,,,,,,,,,,,,,,,,,,,,,,,,,,,,,,,,,,,15.4,14.7,14.9,14.8,15.3,16.1,16.1,15.9,14.8,15.0,15.2,15.1,14.8,14.3,14.2,13.7,13.8,13.3,12.5,12.6,12.9,12.8,12.6,12.8,12.7,13.0,12.8,12.3,12.4,12.2,12.3,12.4,12.3,12.3,12.2,12.2,12.1,11.9,11.5,11.3,11.0,10.7,10.4,10.2,10.1,9.9
##,##,Taux de natalité - Hauts-de-France,001747995,28/04/2021 15:56,,,,,,,,,,,,,,,,,,,,,,,,,,,,,,,,,,,,,,,,,,,,,,,,,,,,,,,,,,,,,,,,,,,,,,,,,,,,16.6,15.6,16.0,15.8,16.1,17.0,17.2,17.0,15.6,16.0,16.2,16.4,15.9,15.6,15.2,14.9,14.6,14.1,13.5,13.4,13.7,13.6,13.5,13.8,13.8,14.2,14.1,13.8,13.5,13.6,13.5,13.8,13.7,13.8,13.6,13.7,13.6,13.4,13.3,13.1,12.6,12.1,11.8,11.3,11.2,11.0
##,##,Taux de natalité - Grand Est,001747996,28/04/2021 15:56,,,,,,,,,,,,,,,,,,,,,,,,,,,,,,,,,,,,,,,,,,,,,,,,,,,,,,,,,,,,,,,,,,,,,,,,,,,,14.6,14.1,14.4,14.3,14.6,15.4,15.6,15.3,14.0,14.3,14.4,14.5,14.2,14.1,13.8,13.6,13.4,13.1,12.4,12.2,12.5,12.4,12.3,12.4,12.3,12.6,12.4,12.0,11.9,11.9,11.9,12.1,11.8,11.9,11.7,11.8,11.5,11.3,11.3,11.2,10.8,10.5,10.2,10.0,9.9,9.6
##,##,Taux de natalité - Pays-de-la-Loire,001747982,28/04/2021 15:56,,,,,,,,,,,,,,,,,,,,,,,,,,,,,,,,,,,,,,,,,,,,,,,,,,,,,,,,,,,,,,,,,,,,,,,,,,,,16.4,15.6,15.7,15.5,15.7,16.3,16.2,15.6,14.2,14.3,14.2,14.0,13.7,13.5,13.1,13.0,12.9,12.6,11.9,11.9,12.3,12.5,12.4,12.4,12.6,13.5,13.1,12.9,12.9,13.0,13.0,13.2,12.9,12.9,12.8,12.8,12.5,12.3,12.1,11.8,11.3,10.9,10.7,10.5,10.4,10.2
##,##,Taux de natalité - Bretagne,001747983,28/04/2021 15:56,,,,,,,,,,,,,,,,,,,,,,,,,,,,,,,,,,,,,,,,,,,,,,,,,,,,,,,,,,,,,,,,,,,,,,,,,,,,14.4,13.6,14.0,13.8,14.2,14.9,14.7,14.2,13.1,13.1,13.2,13.3,13.0,12.8,12.5,12.3,12.0,11.8,11.3,11.2,11.7,11.9,11.6,11.9,12.0,12.5,12.3,12.0,12.0,11.9,11.8,12.2,11.8,11.9,11.7,11.6,11.4,11.3,10.9,10.6,10.2,9.9,9.7,9.5,9.4,9.2
##,##,Taux de natalité - Nouvelle-Aquitaine,001747997,28/04/2021 15:56,,,,,,,,,,,,,,,,,,,,,,,,,,,,,,,,,,,,,,,,,,,,,,,,,,,,,,,,,,,,,,,,,,,,,,,,,,,,12.2,11.7,12.0,11.6,12.1,12.7,12.6,12.2,11.5,11.3,11.4,11.5,11.2,11.2,11.1,10.9,10.7,10.4,10.0,10.0,10.3,10.4,10.3,10.5,10.6,11.0,10.9,10.5,10.4,10.5,10.5,10.7,10.5,10.6,10.6,10.5,10.4,10.2,10.0,9.9,9.6,9.4,9.1,9.0,9.0,8.8
##,##,Taux de natalité - Occitanie,001747998,28/04/2021 15:56,,,,,,,,,,,,,,,,,,,,,,,,,,,,,,,,,,,,,,,,,,,,,,,,,,,,,,,,,,,,,,,,,,,,,,,,,,,,11.2,10.9,11.1,11.0,11.4,12.1,12.0,11.8,11.2,11.2,11.3,11.4,11.3,11.5,11.5,11.5,11.3,11.2,10.7,10.6,11.0,11.1,10.9,11.0,11.0,11.3,11.4,11.1,11.0,11.0,11.1,11.5,11.3,11.4,11.3,11.3,11.3,11.1,10.9,10.9,10.6,10.3,10.0,9.8,9.7,9.6
##,##,Taux de natalité - Auvergne-Rhône-Alpes,001747999,28/04/2021 15:56,,,,,,,,,,,,,,,,,,,,,,,,,,,,,,,,,,,,,,,,,,,,,,,,,,,,,,,,,,,,,,,,,,,,,,,,,,,,13.8,13.4,13.7,13.6,13.9,14.6,14.6,14.4,13.4,13.4,13.4,13.6,13.2,13.3,13.1,13.2,13.1,12.8,12.0,12.1,12.3,12.5,12.3,12.3,12.3,12.8,12.7,12.5,12.5,12.5,12.6,12.8,12.6,12.7,12.6,12.7,12.5,12.5,12.2,12.3,11.9,11.6,11.4,11.3,11.1,10.7
##,##,Taux de natalité - Provence-Alpes-Côte d'Azur,001747991,28/04/2021 15:56,,,,,,,,,,,,,,,,,,,,,,,,,,,,,,,,,,,,,,,,,,,,,,,,,,,,,,,,,,,,,,,,,,,,,,,,,,,,11.6,11.3,11.8,11.9,12.2,12.8,12.9,12.9,12.3,12.5,12.6,12.7,12.7,12.9,12.9,12.7,12.6,12.4,11.7,11.7,11.8,12.0,11.7,11.8,11.8,12.0,12.1,11.9,11.7,11.8,11.7,11.9,11.8,12.0,12.0,12.2,12.0,12.1,12.1,11.9,11.7,11.5,11.4,11.2,11.1,10.8
##,##,Taux de natalité - Corse,001747992,28/04/2021 15:56,,,,,,,,,,,,,,,,,,,,,,,,,,,,,,,,,,,,,,,,,,,,,,,,,,,,,,,,,,,,,,,,,,,,,,,,,,,,10.9,10.3,10.8,10.4,11.2,11.7,12.3,12.0,12.2,11.5,11.8,12.1,11.9,12.0,12.2,12.0,11.7,11.3,10.8,11.0,11.3,10.5,10.3,10.5,10.3,10.9,9.9,9.9,9.5,9.3,9.9,9.5,9.5,9.7,9.8,9.6,9.8,9.5,9.0,9.2,8.7,8.8,8.7,8.4,8.3,7.7
##,##,Taux de natalité - France métropolitaine,001747870,28/04/2021 15:56,,,,,,,,,,,,,,,,,,,,,,,,,,,,,,,,,,,,,,,,,,,,,,,,,,,,,,,,,,,,,,,,,,,,,,,,,,,,14.1,13.6,14.0,13.8,14.1,14.8,14.8,14.6,13.6,13.8,13.9,14.0,13.7,13.7,13.5,13.4,13.3,13.0,12.4,12.3,12.6,12.7,12.5,12.6,12.7,13.1,13.0,12.7,12.6,12.6,12.7,12.9,12.7,12.8,12.7,12.8,12.5,12.4,12.2,12.2,11.8,11.5,11.3,11.1,11.0,10.7
##,##,Taux de natalité - France métropolitaine hors Île-de-France,001747871,28/04/2021 15:56,,,,,,,,,,,,,,,,,,,,,,,,,,,,,,,,,,,,,,,,,,,,,,,,,,,,,,,,,,,,,,,,,,,,,,,,,,,,14.0,13.4,13.7,13.5,13.9,14.6,14.6,14.3,13.3,13.4,13.5,13.6,13.3,13.2,13.0,12.9,12.7,12.4,11.8,11.7,12.0,12.1,11.9,12.0,12.1,12.5,12.3,12.1,12.0,12.0,12.0,12.2,12.0,12.1,12.0,12.1,11.9,11.8,11.6,11.4,11.1,10.8,10.5,10.3,10.2,10.0
##,##,Taux de natalité - France,001747868,28/04/2021 15:56,,,,,,,,,,,,,,,,,,,,,,,,,,,,,,,,,,,,,,,,,,,,,,,,,,,,,,,,,,,,,,,,,,,,,,,,,,,,,,,,,,,,,,,,,,,,,,,,,,,12.8,12.9,13.3,13.1,12.9,12.8,12.8,12.8,13.1,12.8,12.9,12.8,12.9,12.7,12.6,12.3,12.4,12.0,11.8,11.5,11.3,11.2,10.9
